generation,fitness_min,fitness_mean,fitness_max,fitness_std,labels_entropy,labels_imbalance
0,0.01953125,0.09955078125,0.189453125,0.027093518811639804,0.9999867977219693,1.0196078431372548
1,0.0390625,0.09857421875,0.15234375,0.027623368020852017,0.9999867977219693,1.0196078431372548
2,0.033203125,0.0975,0.16796875,0.02894275566473846,0.9999867977219693,1.0196078431372548
3,0.037109375,0.09830078125,0.177734375,0.030998813483388843,0.9999867977219693,1.0196078431372548
4,0.05078125,0.09849609375,0.177734375,0.028160588107036755,0.9999867977219693,1.0196078431372548
5,0.037109375,0.1025390625,0.171875,0.03267094185808746,0.9999867977219693,1.0196078431372548
6,0.033203125,0.0978515625,0.216796875,0.03366804556965653,0.9999867977219693,1.0196078431372548
7,0.04296875,0.10513671875,0.220703125,0.03611967138569705,0.9999867977219693,1.0196078431372548
8,0.03515625,0.10396484375,0.18359375,0.03669365727551466,0.9999867977219693,1.0196078431372548
9,0.044921875,0.10587890625,0.1953125,0.03212792076756103,0.9999867977219693,1.0196078431372548
10,0.04296875,0.09830078125,0.203125,0.030865623131311956,0.9999867977219693,1.0196078431372548
11,0.03515625,0.1049609375,0.17578125,0.033272698248420864,0.9999867977219693,1.0196078431372548
12,0.033203125,0.09806640625,0.1875,0.033148271555308764,0.9999867977219693,1.0196078431372548
13,0.03125,0.09796875,0.171875,0.03183739931459835,0.9999867977219693,1.0196078431372548
14,0.04296875,0.10408203125,0.1796875,0.030526656462192877,0.9999867977219693,1.0196078431372548
15,0.048828125,0.10990234375,0.1875,0.030527356245998723,0.9999867977219693,1.0196078431372548
16,0.046875,0.10111328125,0.177734375,0.02945899803638299,0.9999867977219693,1.0196078431372548
17,0.04296875,0.1023828125,0.18359375,0.029132586232025574,0.9999867977219693,1.0196078431372548
18,0.046875,0.107890625,0.169921875,0.028811235313214837,0.9999867977219693,1.0196078431372548
19,0.052734375,0.1021875,0.166015625,0.025724784282228443,0.9999867977219693,1.0196078431372548
20,0.037109375,0.10390625,0.203125,0.03308111774959395,0.9999867977219693,1.0196078431372548
21,0.041015625,0.10392578125,0.208984375,0.03528869907072932,0.9999867977219693,1.0196078431372548
22,0.037109375,0.10666015625,0.193359375,0.03529907511507195,0.9999867977219693,1.0196078431372548
23,0.03515625,0.1096875,0.224609375,0.04119447612582602,0.9999867977219693,1.0196078431372548
24,0.03515625,0.1076171875,0.212890625,0.039958951869045016,0.9999867977219693,1.0196078431372548
25,0.0390625,0.11064453125,0.232421875,0.03853983831794371,0.9999867977219693,1.0196078431372548
26,0.044921875,0.11353515625,0.2578125,0.03771570347932582,0.9999867977219693,1.0196078431372548
27,0.04296875,0.1151171875,0.24609375,0.03847291384984579,0.9999867977219693,1.0196078431372548
28,0.0546875,0.116171875,0.2421875,0.037960510615782525,0.9999867977219693,1.0196078431372548
29,0.02734375,0.119921875,0.265625,0.04727127419752732,0.9999867977219693,1.0196078431372548
30,0.04296875,0.12060546875,0.26171875,0.046801191076788366,0.9999867977219693,1.0196078431372548
31,0.0390625,0.1253125,0.25390625,0.0485599824898451,0.9999867977219693,1.0196078431372548
32,0.044921875,0.12673828125,0.255859375,0.044435971777024914,0.9999867977219693,1.0196078431372548
33,0.03515625,0.133125,0.26953125,0.05668083163473069,0.9999867977219693,1.0196078431372548
34,0.0390625,0.14005859375,0.2578125,0.05628680910977937,0.9999867977219693,1.0196078431372548
35,0.046875,0.15015625,0.291015625,0.061446367898596636,0.9999867977219693,1.0196078431372548
36,0.046875,0.15638671875,0.26953125,0.0550076115283131,0.9999867977219693,1.0196078431372548
37,0.060546875,0.1626171875,0.2734375,0.05333828108407607,0.9999867977219693,1.0196078431372548
38,0.04296875,0.16802734375,0.2734375,0.06654022273832144,0.9999867977219693,1.0196078431372548
39,0.05078125,0.17556640625,0.287109375,0.05900693833238855,0.9999867977219693,1.0196078431372548
40,0.068359375,0.18189453125,0.2734375,0.05842139690292305,0.9999867977219693,1.0196078431372548
41,0.05859375,0.18021484375,0.2578125,0.05535092500845846,0.9999867977219693,1.0196078431372548
42,0.044921875,0.1648046875,0.259765625,0.05833195421314306,0.9999867977219693,1.0196078431372548
43,0.046875,0.173671875,0.26953125,0.057169326646198025,0.9999867977219693,1.0196078431372548
44,0.046875,0.16830078125,0.251953125,0.05464985799954212,0.9999867977219693,1.0196078431372548
45,0.052734375,0.1659765625,0.26953125,0.05763273095425978,0.9999867977219693,1.0196078431372548
46,0.0390625,0.16833984375,0.283203125,0.06366989488389602,0.9999867977219693,1.0196078431372548
47,0.0546875,0.1725390625,0.279296875,0.05937192888850257,0.9999867977219693,1.0196078431372548
48,0.05859375,0.1709375,0.265625,0.058639617464033,0.9999867977219693,1.0196078431372548
49,0.0390625,0.1675390625,0.255859375,0.05903388081832886,0.9999867977219693,1.0196078431372548
50,0.056640625,0.17462890625,0.287109375,0.058182865994945134,0.9999867977219693,1.0196078431372548
51,0.046875,0.16865234375,0.28125,0.055774202302283575,0.9999867977219693,1.0196078431372548
52,0.07421875,0.17736328125,0.287109375,0.04715225216936679,0.9999867977219693,1.0196078431372548
53,0.064453125,0.17939453125,0.2890625,0.048189079921762926,0.9999867977219693,1.0196078431372548
54,0.0625,0.18134765625,0.298828125,0.054470394247584666,0.9999867977219693,1.0196078431372548
55,0.078125,0.1797265625,0.2734375,0.0510464678731469,0.9999867977219693,1.0196078431372548
56,0.064453125,0.18546875,0.287109375,0.05524749556859174,0.9999867977219693,1.0196078431372548
57,0.080078125,0.19240234375,0.279296875,0.05120354384436374,0.9999867977219693,1.0196078431372548
58,0.078125,0.19447265625,0.291015625,0.056514713903312315,0.9999867977219693,1.0196078431372548
59,0.08203125,0.20490234375,0.30078125,0.05603875739996933,0.9999867977219693,1.0196078431372548
60,0.0703125,0.20408203125,0.302734375,0.05851459171213026,0.9999867977219693,1.0196078431372548
61,0.064453125,0.20755859375,0.333984375,0.06325222074809254,0.9999867977219693,1.0196078431372548
62,0.0625,0.19423828125,0.30859375,0.06066166978036454,0.9999867977219693,1.0196078431372548
63,0.0546875,0.20587890625,0.328125,0.061173730191177084,0.9999867977219693,1.0196078431372548
64,0.072265625,0.2112109375,0.33984375,0.06647171635144554,0.9999867977219693,1.0196078431372548
65,0.0703125,0.209375,0.33984375,0.06578118041118648,0.9999867977219693,1.0196078431372548
66,0.076171875,0.207734375,0.330078125,0.06982224920736226,0.9999867977219693,1.0196078431372548
67,0.080078125,0.22052734375,0.314453125,0.06012586425667663,0.9999867977219693,1.0196078431372548
68,0.08984375,0.2167578125,0.3359375,0.06789349057171622,0.9999867977219693,1.0196078431372548
69,0.08203125,0.23568359375,0.34375,0.07115438637954659,0.9999867977219693,1.0196078431372548
70,0.078125,0.21916015625,0.310546875,0.06809563800212898,0.9999867977219693,1.0196078431372548
71,0.052734375,0.222109375,0.318359375,0.07675859772181061,0.9999867977219693,1.0196078431372548
72,0.0859375,0.2344921875,0.361328125,0.06391215924314475,0.9999867977219693,1.0196078431372548
73,0.064453125,0.22765625,0.33203125,0.0706876493767763,0.9999867977219693,1.0196078431372548
74,0.0546875,0.21892578125,0.349609375,0.079264682793502,0.9999867977219693,1.0196078431372548
75,0.0625,0.228515625,0.333984375,0.07229517976724399,0.9999867977219693,1.0196078431372548
76,0.068359375,0.22140625,0.30078125,0.06160895594106783,0.9999867977219693,1.0196078431372548
77,0.068359375,0.21962890625,0.30859375,0.06150103448757584,0.9999867977219693,1.0196078431372548
78,0.072265625,0.21431640625,0.3046875,0.06046608458171865,0.9999867977219693,1.0196078431372548
79,0.056640625,0.2219921875,0.34375,0.07290689922490082,0.9999867977219693,1.0196078431372548
80,0.07421875,0.22017578125,0.330078125,0.06759554000226821,0.9999867977219693,1.0196078431372548
81,0.078125,0.22466796875,0.33984375,0.07065155610289657,0.9999867977219693,1.0196078431372548
82,0.076171875,0.216875,0.328125,0.06618236616214558,0.9999867977219693,1.0196078431372548
83,0.07421875,0.2326171875,0.349609375,0.0748526078559193,0.9999867977219693,1.0196078431372548
84,0.080078125,0.2373828125,0.337890625,0.06883174960305723,0.9999867977219693,1.0196078431372548
85,0.0859375,0.243984375,0.34375,0.05377352887087254,0.9999867977219693,1.0196078431372548
86,0.064453125,0.22921875,0.314453125,0.05091068240563873,0.9999867977219693,1.0196078431372548
87,0.076171875,0.23208984375,0.33203125,0.05240861113750588,0.9999867977219693,1.0196078431372548
88,0.0703125,0.221640625,0.31640625,0.047800498902338874,0.9999867977219693,1.0196078431372548
89,0.0703125,0.20384765625,0.3203125,0.05456854738891023,0.9999867977219693,1.0196078431372548
90,0.103515625,0.22013671875,0.32421875,0.0570949551894128,0.9999867977219693,1.0196078431372548
91,0.103515625,0.21248046875,0.330078125,0.057116999293348444,0.9999867977219693,1.0196078431372548
92,0.0859375,0.20728515625,0.322265625,0.06377762439072816,0.9999867977219693,1.0196078431372548
93,0.09375,0.21400390625,0.326171875,0.06448877742631218,0.9999867977219693,1.0196078431372548
94,0.095703125,0.2123046875,0.3046875,0.06030983083876775,0.9999867977219693,1.0196078431372548
95,0.0703125,0.20705078125,0.3125,0.07143018726156107,0.9999867977219693,1.0196078431372548
96,0.0625,0.22970703125,0.3359375,0.06863887892494488,0.9999867977219693,1.0196078431372548
97,0.08203125,0.23462890625,0.34765625,0.07043048640267219,0.9999867977219693,1.0196078431372548
98,0.072265625,0.22361328125,0.310546875,0.06836746324917965,0.9999867977219693,1.0196078431372548
99,0.068359375,0.24068359375,0.349609375,0.06558421293425772,0.9999867977219693,1.0196078431372548
100,0.068359375,0.2279296875,0.318359375,0.05899310521071376,0.9999867977219693,1.0196078431372548
101,0.080078125,0.23119140625,0.33203125,0.05378556959769267,0.9999867977219693,1.0196078431372548
102,0.103515625,0.22048828125,0.33203125,0.05498100299474008,0.9999867977219693,1.0196078431372548
103,0.107421875,0.22884765625,0.341796875,0.05953415590738221,0.9999867977219693,1.0196078431372548
104,0.119140625,0.23376953125,0.33203125,0.05442507838399952,0.9999867977219693,1.0196078431372548
105,0.109375,0.23197265625,0.322265625,0.05710869033340442,0.9999867977219693,1.0196078431372548
106,0.12109375,0.226640625,0.3359375,0.058385646069836275,0.9999867977219693,1.0196078431372548
107,0.1171875,0.220390625,0.32421875,0.055692988646462493,0.9999867977219693,1.0196078431372548
108,0.1015625,0.2250390625,0.33203125,0.06339723408438874,0.9999867977219693,1.0196078431372548
109,0.09375,0.22611328125,0.353515625,0.06713686716324435,0.9999867977219693,1.0196078431372548
110,0.10546875,0.2270703125,0.33984375,0.06750109636334736,0.9999867977219693,1.0196078431372548
111,0.103515625,0.236953125,0.353515625,0.06688811841980748,0.9999867977219693,1.0196078431372548
112,0.1015625,0.2299609375,0.337890625,0.06253637857295168,0.9999867977219693,1.0196078431372548
113,0.0859375,0.23966796875,0.32421875,0.06410077398490495,0.9999867977219693,1.0196078431372548
114,0.10546875,0.231796875,0.333984375,0.061004995673061994,0.9999867977219693,1.0196078431372548
115,0.11328125,0.239765625,0.341796875,0.07091544863069109,0.9999867977219693,1.0196078431372548
116,0.0859375,0.22845703125,0.31640625,0.06581622935684579,0.9999867977219693,1.0196078431372548
117,0.115234375,0.23939453125,0.365234375,0.05559394912726951,0.9999867977219693,1.0196078431372548
118,0.08984375,0.23611328125,0.349609375,0.06174649235573876,0.9999867977219693,1.0196078431372548
119,0.095703125,0.25220703125,0.333984375,0.06063039539357347,0.9999867977219693,1.0196078431372548
120,0.099609375,0.23837890625,0.326171875,0.06096339531421544,0.9999867977219693,1.0196078431372548
121,0.109375,0.2311328125,0.337890625,0.06560768698337562,0.9999867977219693,1.0196078431372548
122,0.087890625,0.22998046875,0.337890625,0.06902321366952248,0.9999867977219693,1.0196078431372548
123,0.08203125,0.23958984375,0.333984375,0.06717844631496021,0.9999867977219693,1.0196078431372548
124,0.076171875,0.22734375,0.333984375,0.06956525678218888,0.9999867977219693,1.0196078431372548
125,0.103515625,0.24841796875,0.37890625,0.07714754499088171,0.9999867977219693,1.0196078431372548
126,0.087890625,0.243515625,0.3515625,0.0702874738448622,0.9999867977219693,1.0196078431372548
127,0.1015625,0.24701171875,0.3515625,0.07216127125552783,0.9999867977219693,1.0196078431372548
128,0.107421875,0.2561328125,0.36328125,0.07343491310270849,0.9999867977219693,1.0196078431372548
129,0.099609375,0.241015625,0.345703125,0.0677168464199456,0.9999867977219693,1.0196078431372548
130,0.103515625,0.2349609375,0.341796875,0.06284117087027942,0.9999867977219693,1.0196078431372548
131,0.10546875,0.235546875,0.33984375,0.06443773490500344,0.9999867977219693,1.0196078431372548
132,0.09765625,0.23890625,0.349609375,0.07086850478670426,0.9999867977219693,1.0196078431372548
133,0.103515625,0.24431640625,0.3515625,0.07092242782387399,0.9999867977219693,1.0196078431372548
134,0.107421875,0.2421875,0.345703125,0.07145928948506931,0.9999867977219693,1.0196078431372548
135,0.09375,0.24041015625,0.357421875,0.07704383484213788,0.9999867977219693,1.0196078431372548
136,0.099609375,0.2585546875,0.376953125,0.07593803248591599,0.9999867977219693,1.0196078431372548
137,0.095703125,0.24427734375,0.34765625,0.06925157444675531,0.9999867977219693,1.0196078431372548
138,0.08984375,0.25587890625,0.359375,0.06832671932062974,0.9999867977219693,1.0196078431372548
139,0.099609375,0.2555859375,0.365234375,0.07379299139222695,0.9999867977219693,1.0196078431372548
140,0.10546875,0.274765625,0.373046875,0.07927324155206394,0.9999867977219693,1.0196078431372548
141,0.099609375,0.26431640625,0.35546875,0.06461807432270637,0.9999867977219693,1.0196078431372548
142,0.1015625,0.25935546875,0.34375,0.06423156461921675,0.9999867977219693,1.0196078431372548
143,0.10546875,0.25244140625,0.337890625,0.07092042692310907,0.9999867977219693,1.0196078431372548
144,0.1015625,0.261484375,0.392578125,0.08170988016514014,0.9999867977219693,1.0196078431372548
145,0.0859375,0.23771484375,0.349609375,0.07579649844574446,0.9999867977219693,1.0196078431372548
146,0.09765625,0.248828125,0.353515625,0.07289317888076874,0.9999867977219693,1.0196078431372548
147,0.103515625,0.25658203125,0.3671875,0.07597764449342026,0.9999867977219693,1.0196078431372548
148,0.083984375,0.2578515625,0.35546875,0.07310533047091518,0.9999867977219693,1.0196078431372548
149,0.08203125,0.25095703125,0.345703125,0.07534582896392303,0.9999867977219693,1.0196078431372548
150,0.09375,0.26171875,0.345703125,0.06226885970267863,0.9999867977219693,1.0196078431372548
151,0.09765625,0.2470703125,0.349609375,0.06502498439977826,0.9999867977219693,1.0196078431372548
152,0.103515625,0.25078125,0.33984375,0.06340771506747522,0.9999867977219693,1.0196078431372548
153,0.099609375,0.25453125,0.3515625,0.06466577137330605,0.9999867977219693,1.0196078431372548
154,0.09765625,0.26939453125,0.369140625,0.06899661412431857,0.9999867977219693,1.0196078431372548
155,0.1015625,0.25708984375,0.37109375,0.07948554323814053,0.9999867977219693,1.0196078431372548
156,0.091796875,0.2595703125,0.37890625,0.08613458402373235,0.9999867977219693,1.0196078431372548
157,0.091796875,0.2501171875,0.357421875,0.0752730523472243,0.9999867977219693,1.0196078431372548
158,0.091796875,0.250625,0.37109375,0.07658834464938391,0.9999867977219693,1.0196078431372548
159,0.09765625,0.25564453125,0.37890625,0.06310552315457266,0.9999867977219693,1.0196078431372548
160,0.09375,0.25978515625,0.3515625,0.06849957442325458,0.9999867977219693,1.0196078431372548
161,0.099609375,0.2671875,0.392578125,0.06952411743613462,0.9999867977219693,1.0196078431372548
162,0.099609375,0.25865234375,0.35546875,0.0689518161548324,0.9999867977219693,1.0196078431372548
163,0.1015625,0.24486328125,0.326171875,0.06754857046561565,0.9999867977219693,1.0196078431372548
164,0.1015625,0.2595703125,0.36328125,0.07369081352879174,0.9999867977219693,1.0196078431372548
165,0.099609375,0.2587890625,0.357421875,0.07583987141465501,0.9999867977219693,1.0196078431372548
166,0.099609375,0.265,0.359375,0.0682336343559529,0.9999867977219693,1.0196078431372548
167,0.099609375,0.261953125,0.353515625,0.06804855677456768,0.9999867977219693,1.0196078431372548
168,0.099609375,0.26212890625,0.3515625,0.07209348956169771,0.9999867977219693,1.0196078431372548
169,0.099609375,0.26412109375,0.35546875,0.08095172064909927,0.9999867977219693,1.0196078431372548
170,0.099609375,0.26251953125,0.34765625,0.06961190404268686,0.9999867977219693,1.0196078431372548
171,0.099609375,0.27787109375,0.37890625,0.08279308393775899,0.9999867977219693,1.0196078431372548
172,0.109375,0.2731640625,0.361328125,0.07367089118179264,0.9999867977219693,1.0196078431372548
173,0.099609375,0.2689453125,0.373046875,0.0777513035116062,0.9999867977219693,1.0196078431372548
174,0.1015625,0.268671875,0.376953125,0.07971828449491687,0.9999867977219693,1.0196078431372548
175,0.1015625,0.27326171875,0.380859375,0.08652061357905802,0.9999867977219693,1.0196078431372548
176,0.10546875,0.27712890625,0.390625,0.06955807012143563,0.9999867977219693,1.0196078431372548
177,0.099609375,0.27322265625,0.390625,0.07792204839986597,0.9999867977219693,1.0196078431372548
178,0.09765625,0.2726171875,0.375,0.07524890541471871,0.9999867977219693,1.0196078431372548
179,0.109375,0.27791015625,0.375,0.06644432215145996,0.9999867977219693,1.0196078431372548
180,0.1015625,0.27333984375,0.388671875,0.06923566417832552,0.9999867977219693,1.0196078431372548
181,0.1015625,0.2609765625,0.373046875,0.07098301171167758,0.9999867977219693,1.0196078431372548
182,0.099609375,0.2596875,0.3671875,0.071908916929574,0.9999867977219693,1.0196078431372548
183,0.103515625,0.2587109375,0.35546875,0.07566761171980325,0.9999867977219693,1.0196078431372548
184,0.09765625,0.268046875,0.3828125,0.0812110784179874,0.9999867977219693,1.0196078431372548
185,0.103515625,0.26283203125,0.369140625,0.06616065280338547,0.9999867977219693,1.0196078431372548
186,0.107421875,0.26890625,0.3828125,0.07717482736937083,0.9999867977219693,1.0196078431372548
187,0.099609375,0.28197265625,0.404296875,0.0798145696241732,0.9999867977219693,1.0196078431372548
188,0.1015625,0.2797265625,0.373046875,0.06346879760199471,0.9999867977219693,1.0196078431372548
189,0.10546875,0.26044921875,0.337890625,0.04508663315369359,0.9999867977219693,1.0196078431372548
190,0.1015625,0.27509765625,0.37109375,0.0712916710781302,0.9999867977219693,1.0196078431372548
191,0.099609375,0.2746875,0.3671875,0.06465434971077691,0.9999867977219693,1.0196078431372548
192,0.10546875,0.26669921875,0.353515625,0.05889530150968745,0.9999867977219693,1.0196078431372548
193,0.10546875,0.27208984375,0.3515625,0.05780108034912814,0.9999867977219693,1.0196078431372548
194,0.103515625,0.2884375,0.376953125,0.06067582035523912,0.9999867977219693,1.0196078431372548
195,0.15625,0.28802734375,0.380859375,0.06698874524228486,0.9999867977219693,1.0196078431372548
196,0.166015625,0.28755859375,0.37109375,0.06467991291462563,0.9999867977219693,1.0196078431372548
197,0.142578125,0.28298828125,0.37890625,0.06704591675115591,0.9999867977219693,1.0196078431372548
198,0.1171875,0.2790234375,0.376953125,0.06058782637287661,0.9999867977219693,1.0196078431372548
199,0.130859375,0.27998046875,0.37890625,0.07476279577245534,0.9999867977219693,1.0196078431372548
200,0.146484375,0.30025390625,0.392578125,0.07041434410222593,0.9999867977219693,1.0196078431372548
201,0.119140625,0.28291015625,0.380859375,0.07487394548033376,0.9999867977219693,1.0196078431372548
202,0.126953125,0.28982421875,0.375,0.07475591742016852,0.9999867977219693,1.0196078431372548
203,0.142578125,0.29451171875,0.392578125,0.0672285343215689,0.9999867977219693,1.0196078431372548
204,0.13671875,0.2866796875,0.38671875,0.07276567910200371,0.9999867977219693,1.0196078431372548
205,0.138671875,0.2922265625,0.408203125,0.07766651599962193,0.9999867977219693,1.0196078431372548
206,0.12890625,0.28103515625,0.37109375,0.06991363374529806,0.9999867977219693,1.0196078431372548
207,0.12890625,0.28806640625,0.380859375,0.07812768305939638,0.9999867977219693,1.0196078431372548
208,0.10546875,0.28173828125,0.373046875,0.07764912440192576,0.9999867977219693,1.0196078431372548
209,0.1171875,0.2772265625,0.376953125,0.07233675764331476,0.9999867977219693,1.0196078431372548
210,0.12890625,0.30337890625,0.388671875,0.07089227923926063,0.9999867977219693,1.0196078431372548
211,0.107421875,0.28740234375,0.38671875,0.07711227148736075,0.9999867977219693,1.0196078431372548
212,0.11328125,0.29232421875,0.400390625,0.0757102674770102,0.9999867977219693,1.0196078431372548
213,0.109375,0.30041015625,0.390625,0.08185840001611468,0.9999867977219693,1.0196078431372548
214,0.111328125,0.29609375,0.400390625,0.08102715081947456,0.9999867977219693,1.0196078431372548
215,0.109375,0.2930859375,0.38671875,0.08091163958547716,0.9999867977219693,1.0196078431372548
216,0.09375,0.30212890625,0.408203125,0.07752587409487754,0.9999867977219693,1.0196078431372548
217,0.107421875,0.32142578125,0.423828125,0.06841027959576045,0.9999867977219693,1.0196078431372548
218,0.08984375,0.30833984375,0.404296875,0.0658638551032174,0.9999867977219693,1.0196078431372548
219,0.10546875,0.32126953125,0.416015625,0.06539586054216127,0.9999867977219693,1.0196078431372548
220,0.111328125,0.32076171875,0.435546875,0.0736267793242852,0.9999867977219693,1.0196078431372548
221,0.111328125,0.2959765625,0.416015625,0.08140264169966228,0.9999867977219693,1.0196078431372548
222,0.099609375,0.30970703125,0.4140625,0.08159400536078266,0.9999867977219693,1.0196078431372548
223,0.0859375,0.309140625,0.408203125,0.08693143260414712,0.9999867977219693,1.0196078431372548
224,0.099609375,0.314453125,0.408203125,0.07879739939469568,0.9999867977219693,1.0196078431372548
225,0.11328125,0.3326171875,0.4140625,0.07249725336594118,0.9999867977219693,1.0196078431372548
226,0.107421875,0.32791015625,0.42578125,0.0750858552984086,0.9999867977219693,1.0196078431372548
227,0.123046875,0.32763671875,0.4296875,0.0838927438901422,0.9999867977219693,1.0196078431372548
228,0.14453125,0.31158203125,0.392578125,0.06977411882697662,0.9999867977219693,1.0196078431372548
229,0.171875,0.3290625,0.41796875,0.07202264895774539,0.9999867977219693,1.0196078431372548
230,0.16015625,0.33390625,0.439453125,0.08388344225629768,0.9999867977219693,1.0196078431372548
231,0.15625,0.32677734375,0.419921875,0.08002889826490876,0.9999867977219693,1.0196078431372548
232,0.140625,0.32287109375,0.408203125,0.08072939006815529,0.9999867977219693,1.0196078431372548
233,0.13671875,0.3253515625,0.41015625,0.07395779576352461,0.9999867977219693,1.0196078431372548
234,0.158203125,0.34078125,0.416015625,0.06842824655621253,0.9999867977219693,1.0196078431372548
235,0.123046875,0.3382421875,0.423828125,0.08299350979719457,0.9999867977219693,1.0196078431372548
236,0.123046875,0.33115234375,0.42578125,0.07983068430201466,0.9999867977219693,1.0196078431372548
237,0.15625,0.34982421875,0.423828125,0.07245114225825819,0.9999867977219693,1.0196078431372548
238,0.12890625,0.33560546875,0.4296875,0.08789108289811276,0.9999867977219693,1.0196078431372548
239,0.115234375,0.32494140625,0.42578125,0.0906181196034428,0.9999867977219693,1.0196078431372548
240,0.166015625,0.35087890625,0.42578125,0.07050449860200494,0.9999867977219693,1.0196078431372548
241,0.138671875,0.3467578125,0.44140625,0.09053168181690682,0.9999867977219693,1.0196078431372548
242,0.12109375,0.327421875,0.404296875,0.08086339437473972,0.9999867977219693,1.0196078431372548
243,0.150390625,0.3490625,0.44140625,0.08120918070189746,0.9999867977219693,1.0196078431372548
244,0.12890625,0.32791015625,0.41015625,0.08119828911468126,0.9999867977219693,1.0196078431372548
245,0.1484375,0.33302734375,0.4296875,0.08228592117790674,0.9999867977219693,1.0196078431372548
246,0.1484375,0.3315234375,0.416015625,0.0864538023960223,0.9999867977219693,1.0196078431372548
247,0.142578125,0.33083984375,0.421875,0.0835416633688402,0.9999867977219693,1.0196078431372548
248,0.13671875,0.33005859375,0.40234375,0.08337418915269951,0.9999867977219693,1.0196078431372548
249,0.15234375,0.34177734375,0.4375,0.09520056784003669,0.9999867977219693,1.0196078431372548
250,0.138671875,0.33521484375,0.421875,0.0901758700860511,0.9999867977219693,1.0196078431372548
251,0.126953125,0.33341796875,0.43359375,0.09244423293533746,0.9999867977219693,1.0196078431372548
252,0.140625,0.33443359375,0.404296875,0.08175962049705982,0.9999867977219693,1.0196078431372548
253,0.14453125,0.32126953125,0.4140625,0.08163151068666624,0.9999867977219693,1.0196078431372548
254,0.125,0.330390625,0.4453125,0.09440110811779272,0.9999867977219693,1.0196078431372548
255,0.130859375,0.336484375,0.435546875,0.0831632643661795,0.9999867977219693,1.0196078431372548
256,0.13671875,0.32826171875,0.419921875,0.08614908921816943,0.9999867977219693,1.0196078431372548
257,0.15234375,0.34498046875,0.41796875,0.08174599537971335,0.9999867977219693,1.0196078431372548
258,0.12890625,0.33029296875,0.41796875,0.09033489015746211,0.9999867977219693,1.0196078431372548
259,0.13671875,0.33888671875,0.427734375,0.09131292603358754,0.9999867977219693,1.0196078431372548
260,0.12890625,0.324453125,0.400390625,0.0804053337795156,0.9999867977219693,1.0196078431372548
261,0.125,0.33986328125,0.419921875,0.08446514598116858,0.9999867977219693,1.0196078431372548
262,0.16015625,0.34361328125,0.4140625,0.06427903513043584,0.9999867977219693,1.0196078431372548
263,0.134765625,0.33435546875,0.419921875,0.08713069692454903,0.9999867977219693,1.0196078431372548
264,0.1171875,0.3324609375,0.4140625,0.08581737876187197,0.9999867977219693,1.0196078431372548
265,0.1328125,0.33443359375,0.423828125,0.07715306305358073,0.9999867977219693,1.0196078431372548
266,0.130859375,0.3236328125,0.421875,0.08487064167231854,0.9999867977219693,1.0196078431372548
267,0.13671875,0.3403125,0.421875,0.07811626904338054,0.9999867977219693,1.0196078431372548
268,0.1328125,0.3331640625,0.412109375,0.06282944180337924,0.9999867977219693,1.0196078431372548
269,0.1484375,0.32513671875,0.40234375,0.07622216639070285,0.9999867977219693,1.0196078431372548
270,0.14453125,0.31578125,0.41796875,0.07881912346399707,0.9999867977219693,1.0196078431372548
271,0.150390625,0.33052734375,0.4375,0.07940064744276998,0.9999867977219693,1.0196078431372548
272,0.130859375,0.32029296875,0.408203125,0.08796892996137787,0.9999867977219693,1.0196078431372548
273,0.1328125,0.33298828125,0.4140625,0.08927063083217686,0.9999867977219693,1.0196078431372548
274,0.142578125,0.340703125,0.431640625,0.08919146706861349,0.9999867977219693,1.0196078431372548
275,0.13671875,0.32537109375,0.40234375,0.08618797615257227,0.9999867977219693,1.0196078431372548
276,0.125,0.336015625,0.423828125,0.09061402142552911,0.9999867977219693,1.0196078431372548
277,0.138671875,0.33443359375,0.416015625,0.08397477007212936,0.9999867977219693,1.0196078431372548
278,0.1484375,0.34634765625,0.41796875,0.06987497062887213,0.9999867977219693,1.0196078431372548
279,0.15234375,0.35140625,0.4296875,0.07574987269224037,0.9999867977219693,1.0196078431372548
280,0.1640625,0.3361328125,0.404296875,0.06860085696027124,0.9999867977219693,1.0196078431372548
281,0.140625,0.3296875,0.412109375,0.08031215801240416,0.9999867977219693,1.0196078431372548
282,0.142578125,0.335703125,0.408203125,0.07680539833805426,0.9999867977219693,1.0196078431372548
283,0.126953125,0.32138671875,0.400390625,0.08331646430620605,0.9999867977219693,1.0196078431372548
284,0.15234375,0.3459375,0.419921875,0.08470722714771561,0.9999867977219693,1.0196078431372548
285,0.13671875,0.322421875,0.41796875,0.09169445749420328,0.9999867977219693,1.0196078431372548
286,0.142578125,0.32703125,0.41015625,0.08490561237453807,0.9999867977219693,1.0196078431372548
287,0.1328125,0.32037109375,0.4140625,0.08564556905015464,0.9999867977219693,1.0196078431372548
288,0.123046875,0.3227734375,0.4140625,0.08783749262053922,0.9999867977219693,1.0196078431372548
289,0.1171875,0.3157421875,0.416015625,0.08321331180304307,0.9999867977219693,1.0196078431372548
290,0.14453125,0.329375,0.41796875,0.08000068664256108,0.9999867977219693,1.0196078431372548
291,0.12109375,0.31783203125,0.412109375,0.08249906365990309,0.9999867977219693,1.0196078431372548
292,0.12890625,0.3065625,0.400390625,0.08001851821194852,0.9999867977219693,1.0196078431372548
293,0.125,0.32138671875,0.41015625,0.08661503819024871,0.9999867977219693,1.0196078431372548
294,0.1171875,0.3305078125,0.421875,0.08859336247435085,0.9999867977219693,1.0196078431372548
295,0.150390625,0.32904296875,0.412109375,0.07782582119203026,0.9999867977219693,1.0196078431372548
296,0.1328125,0.337109375,0.431640625,0.08562665728893405,0.9999867977219693,1.0196078431372548
297,0.111328125,0.3081640625,0.3984375,0.08575423463202396,0.9999867977219693,1.0196078431372548
298,0.126953125,0.3232421875,0.408203125,0.08298391200033237,0.9999867977219693,1.0196078431372548
299,0.119140625,0.31751953125,0.41015625,0.0885139593117492,0.9999867977219693,1.0196078431372548
300,0.111328125,0.294375,0.400390625,0.08617513309797163,0.9999867977219693,1.0196078431372548
301,0.1171875,0.3086328125,0.41015625,0.09514304384191156,0.9999867977219693,1.0196078431372548
302,0.119140625,0.29755859375,0.412109375,0.08510354186956684,0.9999867977219693,1.0196078431372548
303,0.115234375,0.30185546875,0.400390625,0.09016729065778471,0.9999867977219693,1.0196078431372548
304,0.125,0.30669921875,0.412109375,0.08792380233178893,0.9999867977219693,1.0196078431372548
305,0.126953125,0.31736328125,0.412109375,0.09219929041061911,0.9999867977219693,1.0196078431372548
306,0.1015625,0.29896484375,0.396484375,0.09135083414666771,0.9999867977219693,1.0196078431372548
307,0.10546875,0.3112890625,0.39453125,0.08958939027640303,0.9999867977219693,1.0196078431372548
308,0.123046875,0.32767578125,0.400390625,0.07982135615432397,0.9999867977219693,1.0196078431372548
309,0.107421875,0.33375,0.40625,0.06986035177409286,0.9999867977219693,1.0196078431372548
310,0.126953125,0.32470703125,0.41015625,0.05562009982695772,0.9999867977219693,1.0196078431372548
311,0.13671875,0.320625,0.400390625,0.056829373010079474,0.9999867977219693,1.0196078431372548
312,0.125,0.31154296875,0.40625,0.07036212170462433,0.9999867977219693,1.0196078431372548
313,0.12109375,0.30734375,0.3984375,0.07651640831996429,0.9999867977219693,1.0196078431372548
314,0.115234375,0.31033203125,0.40234375,0.0738600992062747,0.9999867977219693,1.0196078431372548
315,0.126953125,0.32251953125,0.41015625,0.0733063026664155,0.9999867977219693,1.0196078431372548
316,0.134765625,0.3106640625,0.42578125,0.07763755158751406,0.9999867977219693,1.0196078431372548
317,0.126953125,0.30884765625,0.408203125,0.07919224884558891,0.9999867977219693,1.0196078431372548
318,0.130859375,0.29615234375,0.404296875,0.08268464435424093,0.9999867977219693,1.0196078431372548
319,0.115234375,0.2978515625,0.3984375,0.07780672473234057,0.9999867977219693,1.0196078431372548
320,0.1328125,0.2890625,0.40234375,0.07839309468902139,0.9999867977219693,1.0196078431372548
321,0.107421875,0.30806640625,0.404296875,0.08254713850324094,0.9999867977219693,1.0196078431372548
322,0.154296875,0.31431640625,0.421875,0.07660297429458185,0.9999867977219693,1.0196078431372548
323,0.107421875,0.2930859375,0.4140625,0.09141577307497065,0.9999867977219693,1.0196078431372548
324,0.1328125,0.2994140625,0.419921875,0.0758192458709106,0.9999867977219693,1.0196078431372548
325,0.12109375,0.29751953125,0.390625,0.07199063759437832,0.9999867977219693,1.0196078431372548
326,0.134765625,0.32837890625,0.42578125,0.07178400266731043,0.9999867977219693,1.0196078431372548
327,0.119140625,0.31107421875,0.40625,0.07640481959215124,0.9999867977219693,1.0196078431372548
328,0.130859375,0.3228125,0.40625,0.07116940943177193,0.9999867977219693,1.0196078431372548
329,0.1328125,0.3241796875,0.4296875,0.0720986140230377,0.9999867977219693,1.0196078431372548
330,0.13671875,0.30837890625,0.3984375,0.06868332560162067,0.9999867977219693,1.0196078431372548
331,0.150390625,0.30734375,0.3984375,0.06796679684693706,0.9999867977219693,1.0196078431372548
332,0.130859375,0.30904296875,0.40625,0.070273890766847,0.9999867977219693,1.0196078431372548
333,0.158203125,0.2990625,0.39453125,0.068735172406718,0.9999867977219693,1.0196078431372548
334,0.109375,0.2901953125,0.40234375,0.08368732897375634,0.9999867977219693,1.0196078431372548
335,0.140625,0.3168359375,0.408203125,0.08122961169976457,0.9999867977219693,1.0196078431372548
336,0.1171875,0.29615234375,0.388671875,0.07877931805987846,0.9999867977219693,1.0196078431372548
337,0.1328125,0.2996875,0.404296875,0.08788121477401327,0.9999867977219693,1.0196078431372548
338,0.130859375,0.3171875,0.421875,0.08992990095046773,0.9999867977219693,1.0196078431372548
339,0.125,0.31048828125,0.40234375,0.08374031352492614,0.9999867977219693,1.0196078431372548
340,0.123046875,0.31392578125,0.408203125,0.08309754111718155,0.9999867977219693,1.0196078431372548
341,0.111328125,0.33478515625,0.419921875,0.07724854808047846,0.9999867977219693,1.0196078431372548
342,0.154296875,0.3217578125,0.4140625,0.06529786160342824,0.9999867977219693,1.0196078431372548
343,0.12890625,0.30943359375,0.400390625,0.06904083050083565,0.9999867977219693,1.0196078431372548
344,0.138671875,0.31498046875,0.408203125,0.07952882054783342,0.9999867977219693,1.0196078431372548
345,0.1015625,0.29919921875,0.39453125,0.08747675777739547,0.9999867977219693,1.0196078431372548
346,0.1328125,0.3142578125,0.421875,0.09268375599579617,0.9999867977219693,1.0196078431372548
347,0.12109375,0.30939453125,0.41015625,0.08985949887443101,0.9999867977219693,1.0196078431372548
348,0.13671875,0.33029296875,0.4296875,0.0903661337654426,0.9999867977219693,1.0196078431372548
349,0.1328125,0.31814453125,0.408203125,0.08951659823324908,0.9999867977219693,1.0196078431372548
350,0.134765625,0.3160546875,0.40625,0.08305553775079792,0.9999867977219693,1.0196078431372548
351,0.1640625,0.3293359375,0.41796875,0.069052722635809,0.9999867977219693,1.0196078431372548
352,0.134765625,0.3108984375,0.396484375,0.0738603496967366,0.9999867977219693,1.0196078431372548
353,0.1328125,0.31240234375,0.42578125,0.08243593213583802,0.9999867977219693,1.0196078431372548
354,0.138671875,0.32212890625,0.40625,0.07993186671948017,0.9999867977219693,1.0196078431372548
355,0.138671875,0.32658203125,0.416015625,0.07951655943567544,0.9999867977219693,1.0196078431372548
356,0.12109375,0.3233203125,0.421875,0.08300685661214324,0.9999867977219693,1.0196078431372548
357,0.125,0.320703125,0.41015625,0.08197821946588542,0.9999867977219693,1.0196078431372548
358,0.158203125,0.34421875,0.4140625,0.0635832156892274,0.9999867977219693,1.0196078431372548
359,0.177734375,0.3356640625,0.4140625,0.0692420799601444,0.9999867977219693,1.0196078431372548
360,0.158203125,0.33998046875,0.43359375,0.08412971390416515,0.9999867977219693,1.0196078431372548
361,0.1328125,0.3176953125,0.412109375,0.08667528647569923,0.9999867977219693,1.0196078431372548
362,0.15625,0.32205078125,0.416015625,0.08017662339691696,0.9999867977219693,1.0196078431372548
363,0.146484375,0.33498046875,0.4296875,0.0882749820610899,0.9999867977219693,1.0196078431372548
364,0.126953125,0.338984375,0.44140625,0.09626640675404861,0.9999867977219693,1.0196078431372548
365,0.140625,0.3440234375,0.431640625,0.0891160320890297,0.9999867977219693,1.0196078431372548
366,0.125,0.332109375,0.412109375,0.0878480452413961,0.9999867977219693,1.0196078431372548
367,0.16015625,0.3366015625,0.427734375,0.08393176949851792,0.9999867977219693,1.0196078431372548
368,0.12890625,0.3361328125,0.419921875,0.09036807768970208,0.9999867977219693,1.0196078431372548
369,0.10546875,0.32552734375,0.427734375,0.10114512156829626,0.9999867977219693,1.0196078431372548
370,0.123046875,0.324140625,0.416015625,0.08831145777428176,0.9999867977219693,1.0196078431372548
371,0.126953125,0.33216796875,0.423828125,0.09814885718078206,0.9999867977219693,1.0196078431372548
372,0.1171875,0.32484375,0.41796875,0.09624443533528478,0.9999867977219693,1.0196078431372548
373,0.13671875,0.33166015625,0.423828125,0.08708997077530543,0.9999867977219693,1.0196078431372548
374,0.109375,0.325078125,0.4140625,0.09717746695097487,0.9999867977219693,1.0196078431372548
375,0.091796875,0.328203125,0.423828125,0.09872188892307046,0.9999867977219693,1.0196078431372548
376,0.125,0.35984375,0.419921875,0.06315400014547773,0.9999867977219693,1.0196078431372548
377,0.13671875,0.361015625,0.431640625,0.06655527854752816,0.9999867977219693,1.0196078431372548
378,0.12109375,0.33703125,0.4296875,0.08473065955112559,0.9999867977219693,1.0196078431372548
379,0.126953125,0.3275390625,0.42578125,0.09554734611239128,0.9999867977219693,1.0196078431372548
380,0.134765625,0.349453125,0.439453125,0.09378933094245216,0.9999867977219693,1.0196078431372548
381,0.134765625,0.34662109375,0.41796875,0.08564467823533567,0.9999867977219693,1.0196078431372548
382,0.125,0.343359375,0.43359375,0.08750828295059238,0.9999867977219693,1.0196078431372548
383,0.138671875,0.3433984375,0.423828125,0.08167303670316421,0.9999867977219693,1.0196078431372548
384,0.103515625,0.32544921875,0.423828125,0.08778450842160729,0.9999867977219693,1.0196078431372548
385,0.109375,0.3312109375,0.435546875,0.10522656656024938,0.9999867977219693,1.0196078431372548
386,0.111328125,0.34396484375,0.4296875,0.09637000393317963,0.9999867977219693,1.0196078431372548
387,0.111328125,0.33654296875,0.41015625,0.08710398622275306,0.9999867977219693,1.0196078431372548
388,0.13671875,0.3440234375,0.42578125,0.08235104146737744,0.9999867977219693,1.0196078431372548
389,0.11328125,0.34673828125,0.439453125,0.09904267988273789,0.9999867977219693,1.0196078431372548
390,0.119140625,0.338125,0.419921875,0.09173671565954386,0.9999867977219693,1.0196078431372548
391,0.1171875,0.33623046875,0.423828125,0.09248593403861538,0.9999867977219693,1.0196078431372548
392,0.099609375,0.3386328125,0.439453125,0.09453882814407777,0.9999867977219693,1.0196078431372548
393,0.115234375,0.3419921875,0.419921875,0.09465324159805373,0.9999867977219693,1.0196078431372548
394,0.103515625,0.3387890625,0.423828125,0.08351906893331776,0.9999867977219693,1.0196078431372548
395,0.126953125,0.3604296875,0.443359375,0.08606277268532055,0.9999867977219693,1.0196078431372548
396,0.126953125,0.323515625,0.412109375,0.09779658666477706,0.9999867977219693,1.0196078431372548
397,0.115234375,0.32798828125,0.41796875,0.09868878169130403,0.9999867977219693,1.0196078431372548
398,0.1015625,0.34326171875,0.4296875,0.08784867705563246,0.9999867977219693,1.0196078431372548
399,0.140625,0.349296875,0.427734375,0.07712134611355788,0.9999867977219693,1.0196078431372548
400,0.15625,0.365,0.427734375,0.06380610372111992,0.9999867977219693,1.0196078431372548
401,0.154296875,0.3508984375,0.43359375,0.08171685473722376,0.9999867977219693,1.0196078431372548
402,0.140625,0.33173828125,0.419921875,0.0835322929571241,0.9999867977219693,1.0196078431372548
403,0.140625,0.34189453125,0.44140625,0.08932995708215585,0.9999867977219693,1.0196078431372548
404,0.140625,0.33056640625,0.41796875,0.08491776695948701,0.9999867977219693,1.0196078431372548
405,0.1484375,0.33150390625,0.431640625,0.09572458903119108,0.9999867977219693,1.0196078431372548
406,0.12890625,0.33388671875,0.4375,0.09689247219894455,0.9999867977219693,1.0196078431372548
407,0.13671875,0.33916015625,0.427734375,0.0867312310662125,0.9999867977219693,1.0196078431372548
408,0.142578125,0.33775390625,0.435546875,0.08473648287574465,0.9999867977219693,1.0196078431372548
409,0.123046875,0.34130859375,0.4375,0.08131541040066102,0.9999867977219693,1.0196078431372548
410,0.130859375,0.32947265625,0.431640625,0.08781146391668021,0.9999867977219693,1.0196078431372548
411,0.146484375,0.3430078125,0.44921875,0.08673404812978852,0.9999867977219693,1.0196078431372548
412,0.15234375,0.33681640625,0.423828125,0.08025816983381344,0.9999867977219693,1.0196078431372548
413,0.1484375,0.3338671875,0.431640625,0.08671691122769014,0.9999867977219693,1.0196078431372548
414,0.119140625,0.32826171875,0.421875,0.09529218813730282,0.9999867977219693,1.0196078431372548
415,0.119140625,0.3253125,0.4140625,0.09086726776767584,0.9999867977219693,1.0196078431372548
416,0.1484375,0.35333984375,0.439453125,0.07971626271278374,0.9999867977219693,1.0196078431372548
417,0.119140625,0.34443359375,0.44140625,0.09391967677449067,0.9999867977219693,1.0196078431372548
418,0.150390625,0.3501953125,0.451171875,0.08021829386374503,0.9999867977219693,1.0196078431372548
419,0.140625,0.33814453125,0.421875,0.07496573873612486,0.9999867977219693,1.0196078431372548
420,0.140625,0.34267578125,0.421875,0.07945564798645997,0.9999867977219693,1.0196078431372548
421,0.1328125,0.3513671875,0.4375,0.07984890019776708,0.9999867977219693,1.0196078431372548
422,0.13671875,0.34669921875,0.439453125,0.09340369592252389,0.9999867977219693,1.0196078431372548
423,0.134765625,0.33734375,0.42578125,0.09092592146005106,0.9999867977219693,1.0196078431372548
424,0.140625,0.35322265625,0.443359375,0.09135046666886884,0.9999867977219693,1.0196078431372548
425,0.154296875,0.35033203125,0.4375,0.08438072128678405,0.9999867977219693,1.0196078431372548
426,0.123046875,0.33470703125,0.427734375,0.09805218758951208,0.9999867977219693,1.0196078431372548
427,0.126953125,0.34125,0.419921875,0.09361728888054681,0.9999867977219693,1.0196078431372548
428,0.138671875,0.34439453125,0.421875,0.0846494627266883,0.9999867977219693,1.0196078431372548
429,0.134765625,0.33306640625,0.412109375,0.08511478303381591,0.9999867977219693,1.0196078431372548
430,0.119140625,0.33033203125,0.421875,0.09202127451175926,0.9999867977219693,1.0196078431372548
431,0.125,0.3431640625,0.431640625,0.09335753626588866,0.9999867977219693,1.0196078431372548
432,0.130859375,0.3475,0.421875,0.08193990449847222,0.9999867977219693,1.0196078431372548
433,0.119140625,0.345625,0.4375,0.09934781836392723,0.9999867977219693,1.0196078431372548
434,0.14453125,0.34494140625,0.41796875,0.0840719451703223,0.9999867977219693,1.0196078431372548
435,0.126953125,0.34751953125,0.4453125,0.09542500044453167,0.9999867977219693,1.0196078431372548
436,0.119140625,0.3405078125,0.41796875,0.09467609802689197,0.9999867977219693,1.0196078431372548
437,0.123046875,0.3689453125,0.443359375,0.06898182018556252,0.9999867977219693,1.0196078431372548
438,0.138671875,0.376640625,0.4375,0.052092974368100974,0.9999867977219693,1.0196078431372548
439,0.15625,0.3698828125,0.431640625,0.05128117799259874,0.9999867977219693,1.0196078431372548
440,0.12890625,0.34943359375,0.421875,0.06965518219147754,0.9999867977219693,1.0196078431372548
441,0.1328125,0.363515625,0.435546875,0.052157785327911495,0.9999867977219693,1.0196078431372548
442,0.244140625,0.36380859375,0.4453125,0.050863706342782415,0.9999867977219693,1.0196078431372548
443,0.251953125,0.35103515625,0.435546875,0.06012444306748134,0.9999867977219693,1.0196078431372548
444,0.208984375,0.34416015625,0.421875,0.06343315523048745,0.9999867977219693,1.0196078431372548
445,0.2265625,0.34859375,0.43359375,0.0653824339627888,0.9999867977219693,1.0196078431372548
446,0.197265625,0.3425390625,0.431640625,0.06955416801024691,0.9999867977219693,1.0196078431372548
447,0.208984375,0.34701171875,0.4375,0.07063892058518753,0.9999867977219693,1.0196078431372548
448,0.21875,0.3574609375,0.44140625,0.06951642442013367,0.9999867977219693,1.0196078431372548
449,0.19140625,0.34642578125,0.41796875,0.0670110640998335,0.9999867977219693,1.0196078431372548
450,0.228515625,0.36177734375,0.435546875,0.06453880136564258,0.9999867977219693,1.0196078431372548
451,0.193359375,0.34193359375,0.43359375,0.07556612860184196,0.9999867977219693,1.0196078431372548
452,0.205078125,0.335859375,0.4296875,0.07607311305759372,0.9999867977219693,1.0196078431372548
453,0.16796875,0.3421875,0.443359375,0.09269754296989888,0.9999867977219693,1.0196078431372548
454,0.185546875,0.34,0.427734375,0.07763797414472427,0.9999867977219693,1.0196078431372548
455,0.177734375,0.3423046875,0.43359375,0.0791474211204606,0.9999867977219693,1.0196078431372548
456,0.162109375,0.34861328125,0.4375,0.08143406837476211,0.9999867977219693,1.0196078431372548
457,0.162109375,0.349765625,0.4453125,0.08455505599972829,0.9999867977219693,1.0196078431372548
458,0.185546875,0.35658203125,0.44140625,0.07548986293621103,0.9999867977219693,1.0196078431372548
459,0.193359375,0.35427734375,0.4375,0.06875160631557403,0.9999867977219693,1.0196078431372548
460,0.177734375,0.36580078125,0.451171875,0.07872053049094858,0.9999867977219693,1.0196078431372548
461,0.193359375,0.3573046875,0.447265625,0.0775952842459323,0.9999867977219693,1.0196078431372548
462,0.177734375,0.34822265625,0.435546875,0.07322020242954291,0.9999867977219693,1.0196078431372548
463,0.197265625,0.361171875,0.45703125,0.07138594658012615,0.9999867977219693,1.0196078431372548
464,0.205078125,0.35833984375,0.439453125,0.07623467713530899,0.9999867977219693,1.0196078431372548
465,0.173828125,0.35779296875,0.443359375,0.07485729373721162,0.9999867977219693,1.0196078431372548
466,0.173828125,0.3417578125,0.4453125,0.08410419323567772,0.9999867977219693,1.0196078431372548
467,0.1875,0.33689453125,0.435546875,0.07540504183317125,0.9999867977219693,1.0196078431372548
468,0.15625,0.31966796875,0.439453125,0.08590511419239939,0.9999867977219693,1.0196078431372548
469,0.177734375,0.3338671875,0.443359375,0.08671075237614259,0.9999867977219693,1.0196078431372548
470,0.154296875,0.33498046875,0.455078125,0.09439818848956957,0.9999867977219693,1.0196078431372548
471,0.15234375,0.3337890625,0.42578125,0.0846879594515904,0.9999867977219693,1.0196078431372548
472,0.177734375,0.34884765625,0.4609375,0.07614176838918715,0.9999867977219693,1.0196078431372548
473,0.173828125,0.351484375,0.44140625,0.08321179899035315,0.9999867977219693,1.0196078431372548
474,0.150390625,0.3271484375,0.419921875,0.08096003509581035,0.9999867977219693,1.0196078431372548
475,0.15625,0.3345703125,0.42578125,0.07680898421507958,0.9999867977219693,1.0196078431372548
476,0.1328125,0.34365234375,0.44140625,0.08713756156572271,0.9999867977219693,1.0196078431372548
477,0.14453125,0.355546875,0.4453125,0.08969796255938418,0.9999867977219693,1.0196078431372548
478,0.150390625,0.35935546875,0.447265625,0.0899419873081122,0.9999867977219693,1.0196078431372548
479,0.173828125,0.35578125,0.43359375,0.08199018689495903,0.9999867977219693,1.0196078431372548
480,0.16015625,0.36283203125,0.439453125,0.08740571746282065,0.9999867977219693,1.0196078431372548
481,0.158203125,0.3488671875,0.4296875,0.0786266996506226,0.9999867977219693,1.0196078431372548
482,0.162109375,0.35587890625,0.408203125,0.06590996479184542,0.9999867977219693,1.0196078431372548
483,0.146484375,0.37353515625,0.423828125,0.06242511077247725,0.9999867977219693,1.0196078431372548
484,0.1640625,0.37837890625,0.42578125,0.04350680085436132,0.9999867977219693,1.0196078431372548
485,0.162109375,0.3780078125,0.4375,0.03576130806870963,0.9999867977219693,1.0196078431372548
486,0.15234375,0.37794921875,0.443359375,0.04829671371368855,0.9999867977219693,1.0196078431372548
487,0.169921875,0.378515625,0.44921875,0.05267140337411219,0.9999867977219693,1.0196078431372548
488,0.15625,0.37615234375,0.470703125,0.04971698390046584,0.9999867977219693,1.0196078431372548
489,0.265625,0.35810546875,0.42578125,0.047259470641424,0.9999867977219693,1.0196078431372548
490,0.248046875,0.34708984375,0.419921875,0.052912960773771486,0.9999867977219693,1.0196078431372548
491,0.263671875,0.346640625,0.41015625,0.04767664138536882,0.9999867977219693,1.0196078431372548
492,0.255859375,0.3543359375,0.427734375,0.05413869438747548,0.9999867977219693,1.0196078431372548
493,0.25,0.33787109375,0.416015625,0.05120950354947976,0.9999867977219693,1.0196078431372548
494,0.251953125,0.345234375,0.41796875,0.05353566572746446,0.9999867977219693,1.0196078431372548
495,0.240234375,0.34521484375,0.421875,0.059772246748162665,0.9999867977219693,1.0196078431372548
496,0.232421875,0.34146484375,0.419921875,0.06280143070899483,0.9999867977219693,1.0196078431372548
497,0.2578125,0.365,0.443359375,0.055951682908671294,0.9999867977219693,1.0196078431372548
498,0.21875,0.342578125,0.431640625,0.06594682528104319,0.9999867977219693,1.0196078431372548
499,0.2109375,0.34341796875,0.431640625,0.0689478327044698,0.9999867977219693,1.0196078431372548
500,0.212890625,0.3368359375,0.453125,0.07698356591758217,0.9999867977219693,1.0196078431372548
501,0.203125,0.3416015625,0.443359375,0.07593588242554433,0.9999867977219693,1.0196078431372548
502,0.212890625,0.3341796875,0.44140625,0.07498906373715956,0.9999867977219693,1.0196078431372548
503,0.21875,0.34962890625,0.42578125,0.07129334051804334,0.9999867977219693,1.0196078431372548
504,0.19140625,0.32609375,0.416015625,0.0713465200814614,0.9999867977219693,1.0196078431372548
505,0.19140625,0.3309765625,0.419921875,0.08002304698845457,0.9999867977219693,1.0196078431372548
506,0.1796875,0.33052734375,0.4296875,0.083888869661016,0.9999867977219693,1.0196078431372548
507,0.203125,0.34134765625,0.421875,0.07673512456920473,0.9999867977219693,1.0196078431372548
508,0.197265625,0.34369140625,0.4296875,0.07692211413147751,0.9999867977219693,1.0196078431372548
509,0.1953125,0.3375390625,0.421875,0.0746928627291509,0.9999867977219693,1.0196078431372548
510,0.1953125,0.3484765625,0.43359375,0.08581497835607667,0.9999867977219693,1.0196078431372548
511,0.19140625,0.3412109375,0.4296875,0.08350403151230838,0.9999867977219693,1.0196078431372548
512,0.185546875,0.3376953125,0.431640625,0.07972794048907136,0.9999867977219693,1.0196078431372548
513,0.185546875,0.34482421875,0.4296875,0.07970778263245451,0.9999867977219693,1.0196078431372548
514,0.173828125,0.34455078125,0.427734375,0.08361204485479232,0.9999867977219693,1.0196078431372548
515,0.1484375,0.348046875,0.443359375,0.08936480697447927,0.9999867977219693,1.0196078431372548
516,0.166015625,0.3498046875,0.427734375,0.07684026662308657,0.9999867977219693,1.0196078431372548
517,0.1953125,0.36505859375,0.431640625,0.07327321998831533,0.9999867977219693,1.0196078431372548
518,0.177734375,0.3570703125,0.443359375,0.07984932060740933,0.9999867977219693,1.0196078431372548
519,0.166015625,0.35251953125,0.455078125,0.08873229588972836,0.9999867977219693,1.0196078431372548
520,0.171875,0.339296875,0.419921875,0.07967317579591171,0.9999867977219693,1.0196078431372548
521,0.1640625,0.34025390625,0.423828125,0.08348931807303138,0.9999867977219693,1.0196078431372548
522,0.146484375,0.35197265625,0.4453125,0.09193817872834845,0.9999867977219693,1.0196078431372548
523,0.16015625,0.35123046875,0.4296875,0.08652676832965185,0.9999867977219693,1.0196078431372548
524,0.162109375,0.3440234375,0.423828125,0.08354719972877325,0.9999867977219693,1.0196078431372548
525,0.1484375,0.35583984375,0.4375,0.0907872062475617,0.9999867977219693,1.0196078431372548
526,0.15625,0.34140625,0.421875,0.08862755293726911,0.9999867977219693,1.0196078431372548
527,0.166015625,0.3596875,0.43359375,0.08467274217008426,0.9999867977219693,1.0196078431372548
528,0.158203125,0.35037109375,0.427734375,0.08426954446819995,0.9999867977219693,1.0196078431372548
529,0.158203125,0.35251953125,0.42578125,0.08229936420477829,0.9999867977219693,1.0196078431372548
530,0.146484375,0.34529296875,0.427734375,0.09222402902796736,0.9999867977219693,1.0196078431372548
531,0.15234375,0.35361328125,0.43359375,0.08967135932110719,0.9999867977219693,1.0196078431372548
532,0.150390625,0.35392578125,0.439453125,0.09288019967188307,0.9999867977219693,1.0196078431372548
533,0.14453125,0.3463671875,0.435546875,0.09523491174735946,0.9999867977219693,1.0196078431372548
534,0.15625,0.36015625,0.4453125,0.08047349045502888,0.9999867977219693,1.0196078431372548
535,0.146484375,0.34953125,0.423828125,0.08522741077758707,0.9999867977219693,1.0196078431372548
536,0.1484375,0.3534375,0.43359375,0.082444050630564,0.9999867977219693,1.0196078431372548
537,0.150390625,0.348125,0.423828125,0.07815679040696814,0.9999867977219693,1.0196078431372548
538,0.146484375,0.3419140625,0.423828125,0.08413450426031467,0.9999867977219693,1.0196078431372548
539,0.15625,0.337421875,0.4296875,0.08479672528547683,0.9999867977219693,1.0196078431372548
540,0.1640625,0.36203125,0.439453125,0.07312387318843364,0.9999867977219693,1.0196078431372548
541,0.15234375,0.3520703125,0.427734375,0.08034379520066309,0.9999867977219693,1.0196078431372548
542,0.150390625,0.3465234375,0.4296875,0.08267012193083179,0.9999867977219693,1.0196078431372548
543,0.140625,0.35240234375,0.427734375,0.09456524400076809,0.9999867977219693,1.0196078431372548
544,0.166015625,0.34013671875,0.423828125,0.07695479802670561,0.9999867977219693,1.0196078431372548
545,0.16015625,0.35150390625,0.443359375,0.09352816160681127,0.9999867977219693,1.0196078431372548
546,0.15625,0.3455078125,0.4296875,0.08979979393474495,0.9999867977219693,1.0196078431372548
547,0.1328125,0.34244140625,0.435546875,0.0969683014505568,0.9999867977219693,1.0196078431372548
548,0.15234375,0.3426171875,0.42578125,0.08679709474825918,0.9999867977219693,1.0196078431372548
549,0.14453125,0.34611328125,0.4296875,0.09809288908746834,0.9999867977219693,1.0196078431372548
550,0.138671875,0.33462890625,0.419921875,0.09141211544682612,0.9999867977219693,1.0196078431372548
551,0.142578125,0.36244140625,0.447265625,0.09845348603764047,0.9999867977219693,1.0196078431372548
552,0.134765625,0.3530859375,0.421875,0.08130753108917037,0.9999867977219693,1.0196078431372548
553,0.154296875,0.361640625,0.416015625,0.06663948013377655,0.9999867977219693,1.0196078431372548
554,0.15625,0.36111328125,0.41796875,0.05859693676229847,0.9999867977219693,1.0196078431372548
555,0.142578125,0.3496875,0.427734375,0.07842078771785617,0.9999867977219693,1.0196078431372548
556,0.150390625,0.352109375,0.439453125,0.08231446644860639,0.9999867977219693,1.0196078431372548
557,0.150390625,0.35763671875,0.439453125,0.09167457569566108,0.9999867977219693,1.0196078431372548
558,0.146484375,0.3307421875,0.41796875,0.08109219764590776,0.9999867977219693,1.0196078431372548
559,0.158203125,0.34236328125,0.421875,0.07835186542951086,0.9999867977219693,1.0196078431372548
560,0.134765625,0.34470703125,0.423828125,0.08202496953264325,0.9999867977219693,1.0196078431372548
561,0.15234375,0.34884765625,0.4453125,0.08694495369217341,0.9999867977219693,1.0196078431372548
562,0.14453125,0.33587890625,0.4375,0.09931499660995687,0.9999867977219693,1.0196078431372548
563,0.126953125,0.33546875,0.43359375,0.09094649332677704,0.9999867977219693,1.0196078431372548
564,0.130859375,0.34439453125,0.44921875,0.09269468491346229,0.9999867977219693,1.0196078431372548
565,0.142578125,0.34603515625,0.466796875,0.08955714092739264,0.9999867977219693,1.0196078431372548
566,0.138671875,0.32783203125,0.42578125,0.08817245396138888,0.9999867977219693,1.0196078431372548
567,0.140625,0.3525,0.453125,0.10274569210479703,0.9999867977219693,1.0196078431372548
568,0.1328125,0.370859375,0.43359375,0.07033760402543623,0.9999867977219693,1.0196078431372548
569,0.134765625,0.36150390625,0.4375,0.07429944985598054,0.9999867977219693,1.0196078431372548
570,0.142578125,0.36025390625,0.447265625,0.0758423234689893,0.9999867977219693,1.0196078431372548
571,0.138671875,0.3454296875,0.423828125,0.08866069760224315,0.9999867977219693,1.0196078431372548
572,0.13671875,0.3644921875,0.46484375,0.10761161510074015,0.9999867977219693,1.0196078431372548
573,0.12109375,0.35,0.443359375,0.10028531380535767,0.9999867977219693,1.0196078431372548
574,0.142578125,0.3578515625,0.45703125,0.09361790009534351,0.9999867977219693,1.0196078431372548
575,0.1328125,0.35427734375,0.455078125,0.09766675529432561,0.9999867977219693,1.0196078431372548
576,0.126953125,0.3553125,0.462890625,0.10232387390486365,0.9999867977219693,1.0196078431372548
577,0.130859375,0.338515625,0.43359375,0.09683399144625848,0.9999867977219693,1.0196078431372548
578,0.134765625,0.35443359375,0.44921875,0.09988872249515392,0.9999867977219693,1.0196078431372548
579,0.1328125,0.3748046875,0.44921875,0.0797360739671776,0.9999867977219693,1.0196078431372548
580,0.119140625,0.37263671875,0.435546875,0.0626580612415498,0.9999867977219693,1.0196078431372548
581,0.12890625,0.39228515625,0.4453125,0.058595947224427826,0.9999867977219693,1.0196078431372548
582,0.130859375,0.35751953125,0.416015625,0.057457322578124706,0.9999867977219693,1.0196078431372548
583,0.134765625,0.345546875,0.431640625,0.0833756464028072,0.9999867977219693,1.0196078431372548
584,0.1328125,0.336953125,0.42578125,0.07576336773550262,0.9999867977219693,1.0196078431372548
585,0.138671875,0.3519140625,0.423828125,0.06203832168050321,0.9999867977219693,1.0196078431372548
586,0.12109375,0.34142578125,0.427734375,0.07791754438208497,0.9999867977219693,1.0196078431372548
587,0.1328125,0.3463671875,0.43359375,0.08703630799092646,0.9999867977219693,1.0196078431372548
588,0.150390625,0.35359375,0.421875,0.06959427007130553,0.9999867977219693,1.0196078431372548
589,0.1328125,0.36099609375,0.43359375,0.0886301590853097,0.9999867977219693,1.0196078431372548
590,0.123046875,0.3455859375,0.435546875,0.09390401574141162,0.9999867977219693,1.0196078431372548
591,0.13671875,0.35080078125,0.443359375,0.08978934111685108,0.9999867977219693,1.0196078431372548
592,0.15234375,0.3693359375,0.439453125,0.0767935866062242,0.9999867977219693,1.0196078431372548
593,0.138671875,0.37283203125,0.447265625,0.07001123338209818,0.9999867977219693,1.0196078431372548
594,0.123046875,0.33890625,0.421875,0.09125232432292309,0.9999867977219693,1.0196078431372548
595,0.134765625,0.36859375,0.455078125,0.0858513773003963,0.9999867977219693,1.0196078431372548
596,0.130859375,0.32546875,0.404296875,0.08570659675625361,0.9999867977219693,1.0196078431372548
597,0.142578125,0.356328125,0.439453125,0.08961346165485197,0.9999867977219693,1.0196078431372548
598,0.1484375,0.34763671875,0.42578125,0.08945120383785783,0.9999867977219693,1.0196078431372548
599,0.1328125,0.3476171875,0.419921875,0.07356205154321141,0.9999867977219693,1.0196078431372548
600,0.134765625,0.3516796875,0.427734375,0.07810684359333235,0.9999867977219693,1.0196078431372548
601,0.134765625,0.3508984375,0.419921875,0.07232483849400283,0.9999867977219693,1.0196078431372548
602,0.138671875,0.35154296875,0.421875,0.07378082924140798,0.9999867977219693,1.0196078431372548
603,0.150390625,0.35607421875,0.42578125,0.07139557272384213,0.9999867977219693,1.0196078431372548
604,0.12890625,0.3684375,0.451171875,0.08382958118492914,0.9999867977219693,1.0196078431372548
605,0.15234375,0.35197265625,0.435546875,0.07330455417614834,0.9999867977219693,1.0196078431372548
606,0.244140625,0.37076171875,0.44921875,0.05583823832512027,0.9999867977219693,1.0196078431372548
607,0.224609375,0.34697265625,0.42578125,0.060112716974575604,0.9999867977219693,1.0196078431372548
608,0.23828125,0.355078125,0.43359375,0.061837307016577796,0.9999867977219693,1.0196078431372548
609,0.2265625,0.36630859375,0.455078125,0.07115723845708789,0.9999867977219693,1.0196078431372548
610,0.205078125,0.33462890625,0.43359375,0.0733496893358055,0.9999867977219693,1.0196078431372548
611,0.208984375,0.3476171875,0.458984375,0.07705665030324788,0.9999867977219693,1.0196078431372548
612,0.201171875,0.3378125,0.455078125,0.07771077688293947,0.9999867977219693,1.0196078431372548
613,0.21875,0.343359375,0.427734375,0.07099280264466075,0.9999867977219693,1.0196078431372548
614,0.19140625,0.33646484375,0.443359375,0.0853195355207674,0.9999867977219693,1.0196078431372548
615,0.208984375,0.35333984375,0.447265625,0.08131011851500897,0.9999867977219693,1.0196078431372548
616,0.203125,0.34984375,0.447265625,0.07966273742094504,0.9999867977219693,1.0196078431372548
617,0.201171875,0.3487890625,0.439453125,0.08460263888524788,0.9999867977219693,1.0196078431372548
618,0.197265625,0.34673828125,0.455078125,0.08922701662050074,0.9999867977219693,1.0196078431372548
619,0.2109375,0.34515625,0.451171875,0.08342202718191775,0.9999867977219693,1.0196078431372548
620,0.166015625,0.3317578125,0.4453125,0.09084782849300543,0.9999867977219693,1.0196078431372548
621,0.193359375,0.3491015625,0.4375,0.08405230719164276,0.9999867977219693,1.0196078431372548
622,0.18359375,0.3498828125,0.439453125,0.09339002340811339,0.9999867977219693,1.0196078431372548
623,0.193359375,0.356796875,0.439453125,0.07997367425733766,0.9999867977219693,1.0196078431372548
624,0.173828125,0.34994140625,0.46484375,0.08814721875750034,0.9999867977219693,1.0196078431372548
625,0.1640625,0.35453125,0.439453125,0.09162986802808215,0.9999867977219693,1.0196078431372548
626,0.162109375,0.35234375,0.4296875,0.08499527862002283,0.9999867977219693,1.0196078431372548
627,0.16796875,0.3621484375,0.4453125,0.08290558042805853,0.9999867977219693,1.0196078431372548
628,0.181640625,0.37783203125,0.48046875,0.0863004476100236,0.9999867977219693,1.0196078431372548
629,0.169921875,0.3531640625,0.4375,0.08294017464896479,0.9999867977219693,1.0196078431372548
630,0.1640625,0.3736328125,0.4765625,0.09488630216925659,0.9999867977219693,1.0196078431372548
631,0.177734375,0.3681640625,0.451171875,0.08584445424549585,0.9999867977219693,1.0196078431372548
632,0.173828125,0.362265625,0.447265625,0.0847176743695549,0.9999867977219693,1.0196078431372548
633,0.16796875,0.352890625,0.427734375,0.08398840833338253,0.9999867977219693,1.0196078431372548
634,0.166015625,0.35884765625,0.44140625,0.08402835648882981,0.9999867977219693,1.0196078431372548
635,0.150390625,0.34484375,0.439453125,0.09021167869326151,0.9999867977219693,1.0196078431372548
636,0.16796875,0.35318359375,0.443359375,0.08905695526531282,0.9999867977219693,1.0196078431372548
637,0.169921875,0.36333984375,0.4375,0.0827620235132681,0.9999867977219693,1.0196078431372548
638,0.166015625,0.36884765625,0.458984375,0.09429422724055568,0.9999867977219693,1.0196078431372548
639,0.1640625,0.3648828125,0.453125,0.0908437805700628,0.9999867977219693,1.0196078431372548
640,0.1484375,0.36533203125,0.46875,0.09879313818389251,0.9999867977219693,1.0196078431372548
641,0.15625,0.35826171875,0.44921875,0.0950709569857305,0.9999867977219693,1.0196078431372548
642,0.158203125,0.3614453125,0.455078125,0.09277439144246397,0.9999867977219693,1.0196078431372548
643,0.177734375,0.37259765625,0.458984375,0.08792527745701775,0.9999867977219693,1.0196078431372548
644,0.140625,0.385859375,0.474609375,0.10505718308973451,0.9999867977219693,1.0196078431372548
645,0.171875,0.3752734375,0.466796875,0.08629321798504704,0.9999867977219693,1.0196078431372548
646,0.158203125,0.3784375,0.478515625,0.10282943261495739,0.9999867977219693,1.0196078431372548
647,0.130859375,0.35775390625,0.46484375,0.10995939545710492,0.9999867977219693,1.0196078431372548
648,0.146484375,0.35736328125,0.4609375,0.09209370849525596,0.9999867977219693,1.0196078431372548
649,0.154296875,0.378671875,0.455078125,0.08396633163734624,0.9999867977219693,1.0196078431372548
650,0.146484375,0.38255859375,0.4453125,0.06881192556863865,0.9999867977219693,1.0196078431372548
651,0.162109375,0.411484375,0.478515625,0.05488029631687611,0.9999867977219693,1.0196078431372548
652,0.162109375,0.3904296875,0.458984375,0.04767185643538643,0.9999867977219693,1.0196078431372548
653,0.150390625,0.38234375,0.455078125,0.05873493407222614,0.9999867977219693,1.0196078431372548
654,0.166015625,0.39052734375,0.46875,0.061460704003425466,0.9999867977219693,1.0196078431372548
655,0.150390625,0.37923828125,0.458984375,0.06325415061630683,0.9999867977219693,1.0196078431372548
656,0.193359375,0.38447265625,0.478515625,0.06154629721640292,0.9999867977219693,1.0196078431372548
657,0.25,0.36533203125,0.447265625,0.050385609458484575,0.9999867977219693,1.0196078431372548
658,0.259765625,0.38552734375,0.474609375,0.06055562877747818,0.9999867977219693,1.0196078431372548
659,0.26171875,0.371328125,0.455078125,0.06175723187187524,0.9999867977219693,1.0196078431372548
660,0.283203125,0.38517578125,0.46484375,0.05758526326914175,0.9999867977219693,1.0196078431372548
661,0.23046875,0.37421875,0.46875,0.07536734582301707,0.9999867977219693,1.0196078431372548
662,0.232421875,0.35994140625,0.45703125,0.07164817246144824,0.9999867977219693,1.0196078431372548
663,0.244140625,0.37419921875,0.4609375,0.06862620635092775,0.9999867977219693,1.0196078431372548
664,0.232421875,0.36779296875,0.458984375,0.07310465994409654,0.9999867977219693,1.0196078431372548
665,0.2265625,0.37689453125,0.482421875,0.08357478930338079,0.9999867977219693,1.0196078431372548
666,0.228515625,0.3593359375,0.44921875,0.0790400416626608,0.9999867977219693,1.0196078431372548
667,0.224609375,0.3611328125,0.458984375,0.07449962272804536,0.9999867977219693,1.0196078431372548
668,0.197265625,0.3669921875,0.458984375,0.08601980256374382,0.9999867977219693,1.0196078431372548
669,0.21484375,0.3680078125,0.4453125,0.0728911797440037,0.9999867977219693,1.0196078431372548
670,0.228515625,0.37947265625,0.482421875,0.08468156068815133,0.9999867977219693,1.0196078431372548
671,0.232421875,0.3667578125,0.453125,0.07089740443462234,0.9999867977219693,1.0196078431372548
672,0.21875,0.3683203125,0.46484375,0.07823779942762542,0.9999867977219693,1.0196078431372548
673,0.1953125,0.35537109375,0.47265625,0.08859413537104786,0.9999867977219693,1.0196078431372548
674,0.2109375,0.381015625,0.470703125,0.08341315553677109,0.9999867977219693,1.0196078431372548
675,0.22265625,0.37671875,0.46875,0.08237987674060258,0.9999867977219693,1.0196078431372548
676,0.20703125,0.37505859375,0.4609375,0.08361813996920274,0.9999867977219693,1.0196078431372548
677,0.2109375,0.38265625,0.46875,0.08280958868703324,0.9999867977219693,1.0196078431372548
678,0.193359375,0.363515625,0.46484375,0.08912513217140444,0.9999867977219693,1.0196078431372548
679,0.154296875,0.355078125,0.466796875,0.09893267382515906,0.9999867977219693,1.0196078431372548
680,0.1484375,0.3719140625,0.474609375,0.10362581841268718,0.9999867977219693,1.0196078431372548
681,0.197265625,0.38861328125,0.466796875,0.0851147830338159,0.9999867977219693,1.0196078431372548
682,0.20703125,0.387109375,0.478515625,0.07673718512595239,0.9999867977219693,1.0196078431372548
683,0.197265625,0.3928515625,0.48046875,0.08926230842068697,0.9999867977219693,1.0196078431372548
684,0.166015625,0.38681640625,0.482421875,0.10015223359670607,0.9999867977219693,1.0196078431372548
685,0.185546875,0.36921875,0.46484375,0.08112497893393408,0.9999867977219693,1.0196078431372548
686,0.173828125,0.3896875,0.478515625,0.0856869928413146,0.9999867977219693,1.0196078431372548
687,0.19921875,0.386796875,0.46484375,0.08258228244619688,0.9999867977219693,1.0196078431372548
688,0.1875,0.3810546875,0.48046875,0.08715468797620968,0.9999867977219693,1.0196078431372548
689,0.197265625,0.4008984375,0.49609375,0.09418219874296095,0.9999867977219693,1.0196078431372548
690,0.1796875,0.40123046875,0.486328125,0.0926680137024087,0.9999867977219693,1.0196078431372548
691,0.197265625,0.38728515625,0.474609375,0.08259492672541316,0.9999867977219693,1.0196078431372548
692,0.1953125,0.37474609375,0.44921875,0.0793337424879449,0.9999867977219693,1.0196078431372548
693,0.181640625,0.383828125,0.484375,0.09082072412541128,0.9999867977219693,1.0196078431372548
694,0.203125,0.39712890625,0.490234375,0.0871588700298365,0.9999867977219693,1.0196078431372548
695,0.17578125,0.382890625,0.458984375,0.08016473974289991,0.9999867977219693,1.0196078431372548
696,0.19140625,0.392578125,0.455078125,0.06836941890499179,0.9999867977219693,1.0196078431372548
697,0.19921875,0.39552734375,0.470703125,0.06486698037856099,0.9999867977219693,1.0196078431372548
698,0.181640625,0.39123046875,0.474609375,0.09436350973551424,0.9999867977219693,1.0196078431372548
699,0.1796875,0.361796875,0.44921875,0.08234691867124377,0.9999867977219693,1.0196078431372548
700,0.17578125,0.378828125,0.47265625,0.09454170913213385,0.9999867977219693,1.0196078431372548
701,0.18359375,0.37974609375,0.478515625,0.0923368654734601,0.9999867977219693,1.0196078431372548
702,0.181640625,0.3634375,0.44921875,0.08725319195786443,0.9999867977219693,1.0196078431372548
703,0.185546875,0.3951953125,0.5,0.1014637515731642,0.9999867977219693,1.0196078431372548
704,0.171875,0.3659765625,0.447265625,0.09262952653993067,0.9999867977219693,1.0196078431372548
705,0.181640625,0.38966796875,0.490234375,0.10707062424423332,0.9999867977219693,1.0196078431372548
706,0.171875,0.38962890625,0.494140625,0.09993531805522912,0.9999867977219693,1.0196078431372548
707,0.18359375,0.37775390625,0.466796875,0.08865384547912913,0.9999867977219693,1.0196078431372548
708,0.177734375,0.37896484375,0.470703125,0.0961907439698013,0.9999867977219693,1.0196078431372548
709,0.18359375,0.38318359375,0.48046875,0.09545235600788518,0.9999867977219693,1.0196078431372548
710,0.173828125,0.383359375,0.470703125,0.09450222307446332,0.9999867977219693,1.0196078431372548
711,0.166015625,0.3808984375,0.474609375,0.09109563442787148,0.9999867977219693,1.0196078431372548
712,0.166015625,0.3905078125,0.4765625,0.08245880948225283,0.9999867977219693,1.0196078431372548
713,0.1875,0.39259765625,0.4765625,0.0905784729534189,0.9999867977219693,1.0196078431372548
714,0.197265625,0.3915625,0.5078125,0.08678140332404531,0.9999867977219693,1.0196078431372548
715,0.166015625,0.3866796875,0.501953125,0.09346105374376289,0.9999867977219693,1.0196078431372548
716,0.171875,0.360625,0.443359375,0.08230354731946363,0.9999867977219693,1.0196078431372548
717,0.1796875,0.37701171875,0.466796875,0.0905818252320957,0.9999867977219693,1.0196078431372548
718,0.1796875,0.38134765625,0.47265625,0.09060031949422725,0.9999867977219693,1.0196078431372548
719,0.173828125,0.3796875,0.46875,0.08447801870623653,0.9999867977219693,1.0196078431372548
720,0.1640625,0.38666015625,0.4765625,0.09316731969869514,0.9999867977219693,1.0196078431372548
721,0.162109375,0.35337890625,0.46484375,0.0871738371176101,0.9999867977219693,1.0196078431372548
722,0.169921875,0.37869140625,0.478515625,0.09656772043875378,0.9999867977219693,1.0196078431372548
723,0.171875,0.38431640625,0.4921875,0.09771086558711974,0.9999867977219693,1.0196078431372548
724,0.1640625,0.39015625,0.482421875,0.0959984760163459,0.9999867977219693,1.0196078431372548
725,0.150390625,0.3740625,0.478515625,0.09841636987997252,0.9999867977219693,1.0196078431372548
726,0.1640625,0.3583203125,0.439453125,0.08246972655671804,0.9999867977219693,1.0196078431372548
727,0.154296875,0.37583984375,0.49609375,0.10893194828561456,0.9999867977219693,1.0196078431372548
728,0.1484375,0.369140625,0.46484375,0.09845881155712874,0.9999867977219693,1.0196078431372548
729,0.15234375,0.3734375,0.4609375,0.09889873650865219,0.9999867977219693,1.0196078431372548
730,0.171875,0.378359375,0.462890625,0.09562539892175778,0.9999867977219693,1.0196078431372548
731,0.158203125,0.393203125,0.48046875,0.1038676502551745,0.9999867977219693,1.0196078431372548
732,0.1484375,0.38984375,0.466796875,0.09685333994245017,0.9999867977219693,1.0196078431372548
733,0.16015625,0.385234375,0.45703125,0.09308320816655453,0.9999867977219693,1.0196078431372548
734,0.150390625,0.38755859375,0.470703125,0.09978395202591037,0.9999867977219693,1.0196078431372548
735,0.1640625,0.38115234375,0.482421875,0.09405888851494573,0.9999867977219693,1.0196078431372548
736,0.15625,0.38515625,0.49609375,0.11025282501960976,0.9999867977219693,1.0196078431372548
737,0.158203125,0.37828125,0.46875,0.10850760972018275,0.9999867977219693,1.0196078431372548
738,0.1484375,0.3878125,0.474609375,0.10048987372705614,0.9999867977219693,1.0196078431372548
739,0.158203125,0.373828125,0.451171875,0.08810304192304456,0.9999867977219693,1.0196078431372548
740,0.162109375,0.41439453125,0.5,0.09437578213601294,0.9999867977219693,1.0196078431372548
741,0.1640625,0.38017578125,0.4765625,0.10230959256747747,0.9999867977219693,1.0196078431372548
742,0.15625,0.373828125,0.4609375,0.09307127356435296,0.9999867977219693,1.0196078431372548
743,0.158203125,0.390078125,0.48046875,0.09359732033569891,0.9999867977219693,1.0196078431372548
744,0.16015625,0.385859375,0.478515625,0.09474944150251789,0.9999867977219693,1.0196078431372548
745,0.14453125,0.3857421875,0.478515625,0.10022081790380975,0.9999867977219693,1.0196078431372548
746,0.1640625,0.37625,0.455078125,0.08822528300619634,0.9999867977219693,1.0196078431372548
747,0.146484375,0.38431640625,0.486328125,0.10796413384160035,0.9999867977219693,1.0196078431372548
748,0.13671875,0.38828125,0.48828125,0.11322971618762315,0.9999867977219693,1.0196078431372548
749,0.15625,0.37345703125,0.474609375,0.09658407322158886,0.9999867977219693,1.0196078431372548
750,0.134765625,0.384140625,0.470703125,0.08938310919833196,0.9999867977219693,1.0196078431372548
751,0.1484375,0.38787109375,0.482421875,0.09302826638478015,0.9999867977219693,1.0196078431372548
752,0.150390625,0.3833984375,0.482421875,0.10560375473976633,0.9999867977219693,1.0196078431372548
753,0.138671875,0.381953125,0.46484375,0.095482174792602,0.9999867977219693,1.0196078431372548
754,0.14453125,0.38587890625,0.48046875,0.10100215577194901,0.9999867977219693,1.0196078431372548
755,0.15625,0.39626953125,0.490234375,0.09065567865359321,0.9999867977219693,1.0196078431372548
756,0.138671875,0.39103515625,0.48828125,0.10269474602532525,0.9999867977219693,1.0196078431372548
757,0.158203125,0.3939453125,0.484375,0.09047101849757347,0.9999867977219693,1.0196078431372548
758,0.1484375,0.37337890625,0.466796875,0.09270044620410642,0.9999867977219693,1.0196078431372548
759,0.125,0.3935546875,0.505859375,0.11362202918068626,0.9999867977219693,1.0196078431372548
760,0.1484375,0.39521484375,0.486328125,0.10232972493058953,0.9999867977219693,1.0196078431372548
761,0.1328125,0.38263671875,0.486328125,0.11416281941932127,0.9999867977219693,1.0196078431372548
762,0.14453125,0.39611328125,0.478515625,0.09407686142895734,0.9999867977219693,1.0196078431372548
763,0.150390625,0.40541015625,0.49609375,0.09035235413279981,0.9999867977219693,1.0196078431372548
764,0.134765625,0.39490234375,0.48828125,0.095692240691651,0.9999867977219693,1.0196078431372548
765,0.138671875,0.40748046875,0.5078125,0.09805413280844123,0.9999867977219693,1.0196078431372548
766,0.146484375,0.39751953125,0.4921875,0.09410838683938187,0.9999867977219693,1.0196078431372548
767,0.150390625,0.4080859375,0.505859375,0.10119819728768564,0.9999867977219693,1.0196078431372548
768,0.13671875,0.3930859375,0.478515625,0.08756825428038885,0.9999867977219693,1.0196078431372548
769,0.142578125,0.3848046875,0.46875,0.08048011714312482,0.9999867977219693,1.0196078431372548
770,0.13671875,0.39478515625,0.486328125,0.09162411227973674,0.9999867977219693,1.0196078431372548
771,0.158203125,0.41091796875,0.48828125,0.09167540791766414,0.9999867977219693,1.0196078431372548
772,0.15625,0.382890625,0.46875,0.09183257284616868,0.9999867977219693,1.0196078431372548
773,0.15234375,0.36673828125,0.455078125,0.09627929836079342,0.9999867977219693,1.0196078431372548
774,0.146484375,0.3905078125,0.49609375,0.10226761689952785,0.9999867977219693,1.0196078431372548
775,0.150390625,0.40349609375,0.498046875,0.09701315399330902,0.9999867977219693,1.0196078431372548
776,0.166015625,0.40349609375,0.48828125,0.09215194585508181,0.9999867977219693,1.0196078431372548
777,0.1484375,0.40048828125,0.494140625,0.10481691474693113,0.9999867977219693,1.0196078431372548
778,0.15625,0.39591796875,0.462890625,0.0829060934664172,0.9999867977219693,1.0196078431372548
779,0.166015625,0.40765625,0.474609375,0.0796032412995264,0.9999867977219693,1.0196078431372548
780,0.16796875,0.3792578125,0.470703125,0.08329906623747445,0.9999867977219693,1.0196078431372548
781,0.154296875,0.3933203125,0.490234375,0.09672792357292939,0.9999867977219693,1.0196078431372548
782,0.162109375,0.3887109375,0.498046875,0.11158788910374147,0.9999867977219693,1.0196078431372548
783,0.1484375,0.36265625,0.47265625,0.10979442460265515,0.9999867977219693,1.0196078431372548
784,0.142578125,0.3737890625,0.482421875,0.10482033753819482,0.9999867977219693,1.0196078431372548
785,0.15234375,0.3923046875,0.513671875,0.11448445736869221,0.9999867977219693,1.0196078431372548
786,0.15234375,0.39171875,0.4921875,0.09977709531751262,0.9999867977219693,1.0196078431372548
787,0.158203125,0.3940234375,0.5,0.09365376734123958,0.9999867977219693,1.0196078431372548
788,0.171875,0.39271484375,0.5,0.10051831578608786,0.9999867977219693,1.0196078431372548
789,0.150390625,0.397734375,0.4921875,0.10784593854179646,0.9999867977219693,1.0196078431372548
790,0.16015625,0.39900390625,0.48828125,0.10153255831179901,0.9999867977219693,1.0196078431372548
791,0.14453125,0.38287109375,0.474609375,0.10734068487197285,0.9999867977219693,1.0196078431372548
792,0.138671875,0.38470703125,0.474609375,0.10698792141629583,0.9999867977219693,1.0196078431372548
793,0.134765625,0.42173828125,0.515625,0.09807576104305693,0.9999867977219693,1.0196078431372548
794,0.16796875,0.420625,0.5078125,0.08481084983080547,0.9999867977219693,1.0196078431372548
795,0.154296875,0.3935546875,0.48046875,0.0787526060611697,0.9999867977219693,1.0196078431372548
796,0.138671875,0.40162109375,0.49609375,0.08461096877466481,0.9999867977219693,1.0196078431372548
797,0.162109375,0.40060546875,0.48046875,0.08409190744843066,0.9999867977219693,1.0196078431372548
798,0.15234375,0.3931640625,0.48046875,0.10207073107931777,0.9999867977219693,1.0196078431372548
799,0.169921875,0.40091796875,0.49609375,0.10254514676889634,0.9999867977219693,1.0196078431372548
800,0.158203125,0.394921875,0.484375,0.10275293914972092,0.9999867977219693,1.0196078431372548
801,0.162109375,0.38552734375,0.4765625,0.09999767110020047,0.9999867977219693,1.0196078431372548
802,0.1640625,0.40216796875,0.48828125,0.08839831451259121,0.9999867977219693,1.0196078431372548
803,0.169921875,0.3909765625,0.47265625,0.09093485720225514,0.9999867977219693,1.0196078431372548
804,0.146484375,0.38982421875,0.48828125,0.10620801926560555,0.9999867977219693,1.0196078431372548
805,0.15625,0.39205078125,0.48046875,0.106235226669971,0.9999867977219693,1.0196078431372548
806,0.15234375,0.388046875,0.486328125,0.10595946317773636,0.9999867977219693,1.0196078431372548
807,0.158203125,0.3968359375,0.50390625,0.10166512993656936,0.9999867977219693,1.0196078431372548
808,0.162109375,0.39015625,0.484375,0.10072791103039354,0.9999867977219693,1.0196078431372548
809,0.14453125,0.40033203125,0.498046875,0.10681592412809462,0.9999867977219693,1.0196078431372548
810,0.140625,0.38822265625,0.474609375,0.10020496534581536,0.9999867977219693,1.0196078431372548
811,0.154296875,0.389375,0.501953125,0.11395828126189013,0.9999867977219693,1.0196078431372548
812,0.1640625,0.4010546875,0.50390625,0.10814325255757046,0.9999867977219693,1.0196078431372548
813,0.15234375,0.3825390625,0.47265625,0.09830488493880672,0.9999867977219693,1.0196078431372548
814,0.14453125,0.39982421875,0.490234375,0.1132773083231263,0.9999867977219693,1.0196078431372548
815,0.171875,0.39884765625,0.498046875,0.10307997026767975,0.9999867977219693,1.0196078431372548
816,0.142578125,0.40287109375,0.494140625,0.11134520668021224,0.9999867977219693,1.0196078431372548
817,0.158203125,0.389140625,0.482421875,0.10002369409236399,0.9999867977219693,1.0196078431372548
818,0.142578125,0.40779296875,0.474609375,0.0826217100380069,0.9999867977219693,1.0196078431372548
819,0.15234375,0.41279296875,0.498046875,0.08970283403799593,0.9999867977219693,1.0196078431372548
820,0.158203125,0.41619140625,0.49609375,0.09670596036638973,0.9999867977219693,1.0196078431372548
821,0.1484375,0.4098046875,0.501953125,0.09738257746662371,0.9999867977219693,1.0196078431372548
822,0.162109375,0.39296875,0.48046875,0.09912951203476186,0.9999867977219693,1.0196078431372548
823,0.16796875,0.40494140625,0.4921875,0.08814245822124647,0.9999867977219693,1.0196078431372548
824,0.146484375,0.406171875,0.50390625,0.11187977359752913,0.9999867977219693,1.0196078431372548
825,0.1328125,0.39341796875,0.47265625,0.08932520833240709,0.9999867977219693,1.0196078431372548
826,0.146484375,0.404765625,0.51171875,0.09345335554749191,0.9999867977219693,1.0196078431372548
827,0.150390625,0.40951171875,0.505859375,0.09590303379705717,0.9999867977219693,1.0196078431372548
828,0.138671875,0.3778125,0.478515625,0.10455416532270785,0.9999867977219693,1.0196078431372548
829,0.130859375,0.36771484375,0.462890625,0.10954850043311205,0.9999867977219693,1.0196078431372548
830,0.154296875,0.40177734375,0.5,0.10846063636408801,0.9999867977219693,1.0196078431372548
831,0.150390625,0.40986328125,0.517578125,0.1019749643604902,0.9999867977219693,1.0196078431372548
832,0.142578125,0.39923828125,0.482421875,0.10898965846008106,0.9999867977219693,1.0196078431372548
833,0.142578125,0.420078125,0.513671875,0.11145232928970826,0.9999867977219693,1.0196078431372548
834,0.140625,0.41130859375,0.505859375,0.10405596555063436,0.9999867977219693,1.0196078431372548
835,0.142578125,0.41775390625,0.498046875,0.08015711376773269,0.9999867977219693,1.0196078431372548
836,0.154296875,0.3978515625,0.474609375,0.06667083091445779,0.9999867977219693,1.0196078431372548
837,0.138671875,0.408203125,0.48828125,0.06850542434043089,0.9999867977219693,1.0196078431372548
838,0.142578125,0.42560546875,0.51171875,0.07962768463926816,0.9999867977219693,1.0196078431372548
839,0.146484375,0.40552734375,0.48828125,0.06334912387690678,0.9999867977219693,1.0196078431372548
840,0.296875,0.41640625,0.49609375,0.054353752808209456,0.9999867977219693,1.0196078431372548
841,0.2890625,0.40869140625,0.4921875,0.05685866907430535,0.9999867977219693,1.0196078431372548
842,0.294921875,0.41947265625,0.498046875,0.060924887892565546,0.9999867977219693,1.0196078431372548
843,0.27734375,0.4158984375,0.498046875,0.06535111887177578,0.9999867977219693,1.0196078431372548
844,0.275390625,0.4091015625,0.50390625,0.07130346601068366,0.9999867977219693,1.0196078431372548
845,0.291015625,0.42052734375,0.5078125,0.06784049445116043,0.9999867977219693,1.0196078431372548
846,0.28515625,0.41037109375,0.5078125,0.06798945390040138,0.9999867977219693,1.0196078431372548
847,0.29296875,0.4195703125,0.4921875,0.06751226243145227,0.9999867977219693,1.0196078431372548
848,0.2890625,0.4116015625,0.501953125,0.060424283654634925,0.9999867977219693,1.0196078431372548
849,0.263671875,0.41908203125,0.52734375,0.07977087349208627,0.9999867977219693,1.0196078431372548
850,0.294921875,0.40818359375,0.486328125,0.060029604284077456,0.9999867977219693,1.0196078431372548
851,0.267578125,0.4028125,0.484375,0.06606537049552465,0.9999867977219693,1.0196078431372548
852,0.259765625,0.39162109375,0.478515625,0.07094576749644181,0.9999867977219693,1.0196078431372548
853,0.28515625,0.428046875,0.53515625,0.07940202388153828,0.9999867977219693,1.0196078431372548
854,0.265625,0.40412109375,0.509765625,0.08173733385054298,0.9999867977219693,1.0196078431372548
855,0.2890625,0.41162109375,0.51171875,0.070834851716167,0.9999867977219693,1.0196078431372548
856,0.244140625,0.39884765625,0.515625,0.08597313492358452,0.9999867977219693,1.0196078431372548
857,0.251953125,0.39341796875,0.51171875,0.0929947011935263,0.9999867977219693,1.0196078431372548
858,0.2734375,0.3982421875,0.50390625,0.07797666582124203,0.9999867977219693,1.0196078431372548
859,0.24609375,0.40103515625,0.517578125,0.08450919549330005,0.9999867977219693,1.0196078431372548
860,0.25390625,0.40982421875,0.513671875,0.08698143236936472,0.9999867977219693,1.0196078431372548
861,0.24609375,0.41501953125,0.5234375,0.08645992439981473,0.9999867977219693,1.0196078431372548
862,0.2265625,0.40509765625,0.5,0.09017690226994345,0.9999867977219693,1.0196078431372548
863,0.2265625,0.411875,0.5078125,0.09038064781259005,0.9999867977219693,1.0196078431372548
864,0.234375,0.40990234375,0.51171875,0.085332858273058,0.9999867977219693,1.0196078431372548
865,0.220703125,0.39326171875,0.48828125,0.08684375448045036,0.9999867977219693,1.0196078431372548
866,0.240234375,0.39953125,0.515625,0.08596382764329388,0.9999867977219693,1.0196078431372548
867,0.2109375,0.3997265625,0.498046875,0.09368374123390906,0.9999867977219693,1.0196078431372548
868,0.220703125,0.38685546875,0.4921875,0.09164434427062039,0.9999867977219693,1.0196078431372548
869,0.22265625,0.4016015625,0.5078125,0.09177392499019243,0.9999867977219693,1.0196078431372548
870,0.21484375,0.396171875,0.498046875,0.09430892955778863,0.9999867977219693,1.0196078431372548
871,0.212890625,0.38240234375,0.484375,0.08680197960841925,0.9999867977219693,1.0196078431372548
872,0.1875,0.3975,0.484375,0.09155531715106892,0.9999867977219693,1.0196078431372548
873,0.21875,0.4166796875,0.517578125,0.08751709689275095,0.9999867977219693,1.0196078431372548
874,0.220703125,0.40765625,0.498046875,0.08493155921668082,0.9999867977219693,1.0196078431372548
875,0.20703125,0.40626953125,0.52734375,0.09893016556177926,0.9999867977219693,1.0196078431372548
876,0.19140625,0.39125,0.49609375,0.09395318151815198,0.9999867977219693,1.0196078431372548
877,0.208984375,0.4041015625,0.521484375,0.10303784936070291,0.9999867977219693,1.0196078431372548
878,0.197265625,0.39677734375,0.5,0.09601447083762683,0.9999867977219693,1.0196078431372548
879,0.19140625,0.41748046875,0.517578125,0.10095346802814245,0.9999867977219693,1.0196078431372548
880,0.181640625,0.4189453125,0.525390625,0.09818703409590689,0.9999867977219693,1.0196078431372548
881,0.19140625,0.41681640625,0.50390625,0.08653516206890695,0.9999867977219693,1.0196078431372548
882,0.203125,0.4312109375,0.525390625,0.09420445676979922,0.9999867977219693,1.0196078431372548
883,0.1953125,0.42990234375,0.52734375,0.10425257098277507,0.9999867977219693,1.0196078431372548
884,0.1953125,0.416875,0.521484375,0.09643902337483612,0.9999867977219693,1.0196078431372548
885,0.185546875,0.41171875,0.509765625,0.1056010454993078,0.9999867977219693,1.0196078431372548
886,0.1875,0.3934375,0.48828125,0.0918389697367337,0.9999867977219693,1.0196078431372548
887,0.169921875,0.3964453125,0.484375,0.09758824976245459,0.9999867977219693,1.0196078431372548
888,0.20703125,0.41888671875,0.515625,0.09787064551633538,0.9999867977219693,1.0196078431372548
889,0.166015625,0.3978515625,0.490234375,0.08622444105843681,0.9999867977219693,1.0196078431372548
890,0.17578125,0.42935546875,0.51171875,0.09067089313118105,0.9999867977219693,1.0196078431372548
891,0.169921875,0.4008984375,0.478515625,0.0834273039913764,0.9999867977219693,1.0196078431372548
892,0.1796875,0.399765625,0.49609375,0.09279867255478219,0.9999867977219693,1.0196078431372548
893,0.146484375,0.384921875,0.48046875,0.11105492794776996,0.9999867977219693,1.0196078431372548
894,0.166015625,0.396953125,0.494140625,0.09367596360447307,0.9999867977219693,1.0196078431372548
895,0.16015625,0.37763671875,0.4765625,0.09859833671915658,0.9999867977219693,1.0196078431372548
896,0.16796875,0.4101953125,0.515625,0.11475335914498795,0.9999867977219693,1.0196078431372548
897,0.171875,0.41107421875,0.517578125,0.12132018113029384,0.9999867977219693,1.0196078431372548
898,0.15625,0.40251953125,0.51171875,0.11574802596384254,0.9999867977219693,1.0196078431372548
899,0.154296875,0.41025390625,0.5078125,0.10410261600956136,0.9999867977219693,1.0196078431372548
900,0.15625,0.4400390625,0.541015625,0.11202376549484727,0.9999867977219693,1.0196078431372548
901,0.154296875,0.42462890625,0.521484375,0.11563888713848783,0.9999867977219693,1.0196078431372548
902,0.158203125,0.41078125,0.505859375,0.10536122991656491,0.9999867977219693,1.0196078431372548
903,0.154296875,0.41654296875,0.515625,0.1176552692185009,0.9999867977219693,1.0196078431372548
904,0.173828125,0.43619140625,0.525390625,0.10768719188360501,0.9999867977219693,1.0196078431372548
905,0.173828125,0.41833984375,0.51171875,0.09371284053598655,0.9999867977219693,1.0196078431372548
906,0.1875,0.437578125,0.509765625,0.06928443289514293,0.9999867977219693,1.0196078431372548
907,0.158203125,0.42537109375,0.513671875,0.09169720944284232,0.9999867977219693,1.0196078431372548
908,0.1484375,0.39423828125,0.486328125,0.09621133200982353,0.9999867977219693,1.0196078431372548
909,0.1484375,0.39787109375,0.490234375,0.09636382865232256,0.9999867977219693,1.0196078431372548
910,0.169921875,0.4030859375,0.494140625,0.09835600079845869,0.9999867977219693,1.0196078431372548
911,0.1640625,0.41046875,0.51171875,0.11441236208833734,0.9999867977219693,1.0196078431372548
912,0.15234375,0.42361328125,0.513671875,0.11236458830501742,0.9999867977219693,1.0196078431372548
913,0.171875,0.418203125,0.513671875,0.10863915417708525,0.9999867977219693,1.0196078431372548
914,0.162109375,0.43201171875,0.544921875,0.11914661069748583,0.9999867977219693,1.0196078431372548
915,0.15625,0.4022265625,0.498046875,0.10615331222246804,0.9999867977219693,1.0196078431372548
916,0.150390625,0.4026953125,0.5078125,0.11090667898224657,0.9999867977219693,1.0196078431372548
917,0.15625,0.415078125,0.51953125,0.11848709074759212,0.9999867977219693,1.0196078431372548
918,0.1484375,0.39333984375,0.509765625,0.1151349859390386,0.9999867977219693,1.0196078431372548
919,0.15234375,0.4033203125,0.51171875,0.11758412697513175,0.9999867977219693,1.0196078431372548
920,0.150390625,0.4103515625,0.50390625,0.1086866242349888,0.9999867977219693,1.0196078431372548
921,0.150390625,0.3880078125,0.484375,0.10087591696018726,0.9999867977219693,1.0196078431372548
922,0.1484375,0.4069140625,0.51171875,0.11372797826195093,0.9999867977219693,1.0196078431372548
923,0.166015625,0.43767578125,0.548828125,0.11901635905426691,0.9999867977219693,1.0196078431372548
924,0.158203125,0.43166015625,0.54296875,0.10854297620065113,0.9999867977219693,1.0196078431372548
925,0.14453125,0.42251953125,0.541015625,0.125452688288858,0.9999867977219693,1.0196078431372548
926,0.1484375,0.42189453125,0.513671875,0.09779384642356301,0.9999867977219693,1.0196078431372548
927,0.166015625,0.43125,0.517578125,0.10441567730466622,0.9999867977219693,1.0196078431372548
928,0.1640625,0.38421875,0.466796875,0.10324813612024522,0.9999867977219693,1.0196078431372548
929,0.16015625,0.4219921875,0.54296875,0.1248695669586525,0.9999867977219693,1.0196078431372548
930,0.154296875,0.42703125,0.5234375,0.10072313913315023,0.9999867977219693,1.0196078431372548
931,0.15234375,0.40087890625,0.49609375,0.10128657492787539,0.9999867977219693,1.0196078431372548
932,0.150390625,0.402578125,0.5234375,0.11360617463429998,0.9999867977219693,1.0196078431372548
933,0.15234375,0.4053515625,0.5078125,0.11411446670440374,0.9999867977219693,1.0196078431372548
934,0.162109375,0.4149609375,0.533203125,0.10424581059150007,0.9999867977219693,1.0196078431372548
935,0.150390625,0.39455078125,0.486328125,0.09986276555949385,0.9999867977219693,1.0196078431372548
936,0.13671875,0.4098046875,0.501953125,0.10982933676997249,0.9999867977219693,1.0196078431372548
937,0.154296875,0.40505859375,0.51953125,0.1098409769025621,0.9999867977219693,1.0196078431372548
938,0.15234375,0.4032421875,0.4921875,0.11069633640750251,0.9999867977219693,1.0196078431372548
939,0.162109375,0.3897265625,0.490234375,0.10746178945954538,0.9999867977219693,1.0196078431372548
940,0.138671875,0.39962890625,0.49609375,0.11639212339565681,0.9999867977219693,1.0196078431372548
941,0.15234375,0.40990234375,0.51171875,0.11018383097476857,0.9999867977219693,1.0196078431372548
942,0.162109375,0.4382421875,0.513671875,0.09310478656727741,0.9999867977219693,1.0196078431372548
943,0.14453125,0.42296875,0.5,0.07504948318781289,0.9999867977219693,1.0196078431372548
944,0.14453125,0.41724609375,0.478515625,0.06847459876230878,0.9999867977219693,1.0196078431372548
945,0.173828125,0.4348828125,0.50390625,0.0771443432457897,0.9999867977219693,1.0196078431372548
946,0.15625,0.43255859375,0.5078125,0.07403217451324241,0.9999867977219693,1.0196078431372548
947,0.171875,0.42392578125,0.525390625,0.0900551076233748,0.9999867977219693,1.0196078431372548
948,0.150390625,0.434609375,0.5078125,0.08011264499860103,0.9999867977219693,1.0196078431372548
949,0.154296875,0.42525390625,0.498046875,0.07336466582275271,0.9999867977219693,1.0196078431372548
950,0.333984375,0.44912109375,0.5234375,0.0606667003561632,0.9999867977219693,1.0196078431372548
951,0.31640625,0.4301171875,0.501953125,0.05644604238282427,0.9999867977219693,1.0196078431372548
952,0.294921875,0.40888671875,0.484375,0.057597901300767286,0.9999867977219693,1.0196078431372548
953,0.318359375,0.42318359375,0.49609375,0.057385361876443976,0.9999867977219693,1.0196078431372548
954,0.294921875,0.41982421875,0.494140625,0.06669821787316402,0.9999867977219693,1.0196078431372548
955,0.3125,0.41669921875,0.50390625,0.061166421347532404,0.9999867977219693,1.0196078431372548
956,0.29296875,0.4139453125,0.50390625,0.06190871428004779,0.9999867977219693,1.0196078431372548
957,0.26953125,0.4250390625,0.51953125,0.07570206679794461,0.9999867977219693,1.0196078431372548
958,0.279296875,0.42755859375,0.509765625,0.06809440555755887,0.9999867977219693,1.0196078431372548
959,0.2890625,0.44017578125,0.537109375,0.0723245404901026,0.9999867977219693,1.0196078431372548
960,0.25390625,0.3983203125,0.490234375,0.07351061229257247,0.9999867977219693,1.0196078431372548
961,0.248046875,0.412421875,0.498046875,0.07818245933866616,0.9999867977219693,1.0196078431372548
962,0.248046875,0.37630859375,0.48046875,0.08016432812532129,0.9999867977219693,1.0196078431372548
963,0.271484375,0.3990625,0.48046875,0.06678995304047187,0.9999867977219693,1.0196078431372548
964,0.251953125,0.38291015625,0.48046875,0.08624871515616257,0.9999867977219693,1.0196078431372548
965,0.2734375,0.40359375,0.521484375,0.08809374099303785,0.9999867977219693,1.0196078431372548
966,0.244140625,0.38484375,0.5,0.09585881787226039,0.9999867977219693,1.0196078431372548
967,0.263671875,0.401328125,0.51953125,0.09277630752139626,0.9999867977219693,1.0196078431372548
968,0.251953125,0.392421875,0.509765625,0.10182158959866242,0.9999867977219693,1.0196078431372548
969,0.2578125,0.4098046875,0.51171875,0.0928313470578879,0.9999867977219693,1.0196078431372548
970,0.228515625,0.39224609375,0.509765625,0.09900130538850449,0.9999867977219693,1.0196078431372548
971,0.248046875,0.40298828125,0.49609375,0.08775208482140427,0.9999867977219693,1.0196078431372548
972,0.212890625,0.40375,0.513671875,0.09475618898817376,0.9999867977219693,1.0196078431372548
973,0.228515625,0.418203125,0.521484375,0.09723356964253492,0.9999867977219693,1.0196078431372548
974,0.232421875,0.42392578125,0.529296875,0.09424445413720701,0.9999867977219693,1.0196078431372548
975,0.22265625,0.40951171875,0.505859375,0.09006174936186905,0.9999867977219693,1.0196078431372548
976,0.2265625,0.43474609375,0.513671875,0.08744203882114279,0.9999867977219693,1.0196078431372548
977,0.224609375,0.4142578125,0.5078125,0.08742869059949031,0.9999867977219693,1.0196078431372548
978,0.1953125,0.40154296875,0.50390625,0.10283016528458978,0.9999867977219693,1.0196078431372548
979,0.20703125,0.40873046875,0.5,0.09198694376973658,0.9999867977219693,1.0196078431372548
980,0.212890625,0.41490234375,0.515625,0.09278484921590678,0.9999867977219693,1.0196078431372548
981,0.21875,0.4290625,0.525390625,0.08445176990702853,0.9999867977219693,1.0196078431372548
982,0.197265625,0.4128125,0.517578125,0.09583716697212094,0.9999867977219693,1.0196078431372548
983,0.19921875,0.43865234375,0.548828125,0.11147540114493783,0.9999867977219693,1.0196078431372548
984,0.185546875,0.39783203125,0.52734375,0.10450649544273158,0.9999867977219693,1.0196078431372548
985,0.1953125,0.39822265625,0.5078125,0.11175183042524875,0.9999867977219693,1.0196078431372548
986,0.17578125,0.3974609375,0.49609375,0.0999406638536282,0.9999867977219693,1.0196078431372548
987,0.18359375,0.3975390625,0.4921875,0.0994999475526911,0.9999867977219693,1.0196078431372548
988,0.189453125,0.40068359375,0.501953125,0.10397098217131062,0.9999867977219693,1.0196078431372548
989,0.1875,0.40791015625,0.513671875,0.10983905982996692,0.9999867977219693,1.0196078431372548
990,0.189453125,0.4259765625,0.51953125,0.11102944445786034,0.9999867977219693,1.0196078431372548
991,0.17578125,0.42912109375,0.513671875,0.08953210853577785,0.9999867977219693,1.0196078431372548
992,0.197265625,0.43439453125,0.513671875,0.08632463184038452,0.9999867977219693,1.0196078431372548
993,0.19921875,0.43189453125,0.5078125,0.07488172996984224,0.9999867977219693,1.0196078431372548
994,0.203125,0.4528125,0.509765625,0.057007647085034786,0.9999867977219693,1.0196078431372548
995,0.201171875,0.45466796875,0.53125,0.07773108455268912,0.9999867977219693,1.0196078431372548
996,0.1953125,0.4450390625,0.517578125,0.06880325751466208,0.9999867977219693,1.0196078431372548
997,0.208984375,0.4409375,0.505859375,0.05314734135004426,0.9999867977219693,1.0196078431372548
998,0.294921875,0.429375,0.494140625,0.05519140058235692,0.9999867977219693,1.0196078431372548
999,0.283203125,0.43263671875,0.517578125,0.06406398566779588,0.9999867977219693,1.0196078431372548
1000,0.255859375,0.405390625,0.490234375,0.06559844142644035,0.9999867977219693,1.0196078431372548
1001,0.30078125,0.44400390625,0.5390625,0.07295702560301419,0.9999867977219693,1.0196078431372548
1002,0.2265625,0.4332421875,0.52734375,0.07698949212050081,0.9999867977219693,1.0196078431372548
1003,0.259765625,0.44458984375,0.5546875,0.0731312467075129,0.9999867977219693,1.0196078431372548
1004,0.275390625,0.427734375,0.525390625,0.07627697076792739,0.9999867977219693,1.0196078431372548
1005,0.208984375,0.41685546875,0.509765625,0.0880074115579804,0.9999867977219693,1.0196078431372548
1006,0.232421875,0.43197265625,0.53125,0.09938280566767034,0.9999867977219693,1.0196078431372548
1007,0.234375,0.432890625,0.52734375,0.09487505275237335,0.9999867977219693,1.0196078431372548
1008,0.25,0.4312109375,0.533203125,0.09251653575014053,0.9999867977219693,1.0196078431372548
1009,0.236328125,0.42400390625,0.501953125,0.07128777556629488,0.9999867977219693,1.0196078431372548
